batch,k,count
0,0,0
0,1,0
0,2,0
0,3,0
0,4,0
0,5,0
0,6,0
0,7,0
0,8,0
0,9,0
0,10,0
0,11,0
0,12,0
0,13,0
0,14,0
0,15,0
0,16,0
0,17,0
0,18,0
0,19,0
0,20,0
0,21,0
0,22,0
0,23,0
0,24,0
0,25,0
0,26,0
0,27,0
0,28,0
0,29,0
0,30,0
0,31,0
0,32,0
0,33,0
0,34,0
0,35,0
0,36,0
0,37,0
0,38,0
0,39,0
0,40,1
0,41,0
0,42,0
0,43,0
0,44,1
0,45,2
0,46,3
0,47,1
0,48,0
0,49,5
0,50,6
0,51,10
0,52,9
0,53,11
0,54,12
0,55,20
0,56,24
0,57,36
0,58,31
0,59,58
0,60,68
0,61,94
0,62,118
0,63,146
0,64,198
0,65,258
0,66,294
0,67,375
0,68,495
0,69,572
0,70,709
0,71,852
0,72,1037
0,73,1195
0,74,1437
0,75,1538
0,76,1822
0,77,1969
0,78,2232
0,79,2428
0,80,2602
0,81,2685
0,82,2834
0,83,2848
0,84,2699
0,85,2688
0,86,2439
0,87,2281
0,88,2117
0,89,1814
0,90,1596
0,91,1263
0,92,1077
0,93,818
0,94,655
0,95,497
0,96,350
0,97,239
0,98,152
0,99,110
0,100,53
0,101,51
0,102,27
0,103,14
0,104,9
0,105,8
0,106,5
0,107,1
0,108,0
0,109,1
0,110,0
0,111,0
0,112,0
0,113,0
0,114,0
0,115,0
0,116,0
0,117,0
0,118,0
0,119,0
0,120,0
0,121,0
0,122,0
0,123,0
0,124,0
0,125,0
0,126,0
0,127,0
0,128,0
0,129,0
0,130,0
0,131,0
0,132,0
0,133,0
0,134,0
0,135,0
0,136,0
0,137,0
0,138,0
0,139,0
0,140,0
0,141,0
0,142,0
0,143,0
0,144,0
0,145,0
0,146,0
1,0,0
1,1,0
1,2,0
1,3,0
1,4,0
1,5,0
1,6,0
1,7,0
1,8,0
1,9,0
1,10,0
1,11,0
1,12,0
1,13,0
1,14,0
1,15,0
1,16,0
1,17,0
1,18,0
1,19,0
1,20,0
1,21,0
1,22,0
1,23,0
1,24,0
1,25,0
1,26,0
1,27,0
1,28,0
1,29,0
1,30,0
1,31,0
1,32,0
1,33,0
1,34,0
1,35,0
1,36,0
1,37,0
1,38,0
1,39,0
1,40,0
1,41,1
1,42,0
1,43,0
1,44,1
1,45,0
1,46,0
1,47,1
1,48,3
1,49,8
1,50,7
1,51,4
1,52,3
1,53,10
1,54,16
1,55,22
1,56,27
1,57,35
1,58,46
1,59,61
1,60,76
1,61,100
1,62,125
1,63,163
1,64,220
1,65,229
1,66,297
1,67,379
1,68,427
1,69,561
1,70,659
1,71,834
1,72,1042
1,73,1195
1,74,1333
1,75,1606
1,76,1813
1,77,1997
1,78,2144
1,79,2445
1,80,2548
1,81,2821
1,82,2797
1,83,2844
1,84,2781
1,85,2674
1,86,2613
1,87,2321
1,88,2053
1,89,1812
1,90,1512
1,91,1289
1,92,991
1,93,807
1,94,636
1,95,523
1,96,348
1,97,249
1,98,174
1,99,112
1,100,78
1,101,47
1,102,37
1,103,21
1,104,6
1,105,12
1,106,2
1,107,0
1,108,2
1,109,0
1,110,0
1,111,0
1,112,0
1,113,0
1,114,0
1,115,0
1,116,0
1,117,0
1,118,0
1,119,0
1,120,0
1,121,0
1,122,0
1,123,0
1,124,0
1,125,0
1,126,0
1,127,0
1,128,0
1,129,0
1,130,0
1,131,0
1,132,0
1,133,0
1,134,0
1,135,0
1,136,0
1,137,0
1,138,0
1,139,0
1,140,0
1,141,0
1,142,0
1,143,0
1,144,0
1,145,0
1,146,0
2,0,0
2,1,0
2,2,0
2,3,0
2,4,0
2,5,0
2,6,0
2,7,0
2,8,0
2,9,0
2,10,0
2,11,0
2,12,0
2,13,0
2,14,0
2,15,0
2,16,0
2,17,0
2,18,0
2,19,0
2,20,0
2,21,0
2,22,0
2,23,0
2,24,0
2,25,0
2,26,0
2,27,0
2,28,0
2,29,0
2,30,0
2,31,0
2,32,0
2,33,0
2,34,0
2,35,0
2,36,0
2,37,0
2,38,0
2,39,1
2,40,0
2,41,0
2,42,0
2,43,1
2,44,0
2,45,1
2,46,0
2,47,2
2,48,3
2,49,2
2,50,3
2,51,8
2,52,6
2,53,22
2,54,7
2,55,22
2,56,36
2,57,36
2,58,60
2,59,60
2,60,76
2,61,103
2,62,122
2,63,155
2,64,191
2,65,238
2,66,299
2,67,341
2,68,482
2,69,609
2,70,684
2,71,828
2,72,1000
2,73,1201
2,74,1456
2,75,1571
2,76,1756
2,77,2031
2,78,2196
2,79,2391
2,80,2627
2,81,2648
2,82,2802
2,83,2836
2,84,2774
2,85,2669
2,86,2586
2,87,2383
2,88,2047
2,89,1788
2,90,1508
2,91,1295
2,92,1062
2,93,837
2,94,662
2,95,435
2,96,326
2,97,244
2,98,183
2,99,99
2,100,74
2,101,40
2,102,26
2,103,23
2,104,8
2,105,10
2,106,4
2,107,2
2,108,0
2,109,1
2,110,1
2,111,0
2,112,0
2,113,0
2,114,0
2,115,0
2,116,0
2,117,0
2,118,0
2,119,0
2,120,0
2,121,0
2,122,0
2,123,0
2,124,0
2,125,0
2,126,0
2,127,0
2,128,0
2,129,0
2,130,0
2,131,0
2,132,0
2,133,0
2,134,0
2,135,0
2,136,0
2,137,0
2,138,0
2,139,0
2,140,0
2,141,0
2,142,0
2,143,0
2,144,0
2,145,0
2,146,0
3,0,0
3,1,0
3,2,0
3,3,0
3,4,0
3,5,0
3,6,0
3,7,0
3,8,0
3,9,0
3,10,0
3,11,0
3,12,0
3,13,0
3,14,0
3,15,0
3,16,0
3,17,0
3,18,0
3,19,0
3,20,0
3,21,0
3,22,0
3,23,0
3,24,0
3,25,0
3,26,0
3,27,0
3,28,0
3,29,0
3,30,0
3,31,0
3,32,0
3,33,0
3,34,0
3,35,0
3,36,0
3,37,0
3,38,0
3,39,0
3,40,0
3,41,0
3,42,0
3,43,1
3,44,2
3,45,0
3,46,1
3,47,1
3,48,1
3,49,4
3,50,5
3,51,3
3,52,8
3,53,9
3,54,13
3,55,20
3,56,33
3,57,36
3,58,39
3,59,68
3,60,73
3,61,95
3,62,115
3,63,167
3,64,203
3,65,241
3,66,304
3,67,374
3,68,439
3,69,591
3,70,736
3,71,826
3,72,989
3,73,1167
3,74,1485
3,75,1580
3,76,1849
3,77,1973
3,78,2208
3,79,2367
3,80,2594
3,81,2738
3,82,2782
3,83,2792
3,84,2766
3,85,2638
3,86,2491
3,87,2287
3,88,2046
3,89,1909
3,90,1529
3,91,1304
3,92,1042
3,93,866
3,94,657
3,95,480
3,96,322
3,97,255
3,98,173
3,99,109
3,100,79
3,101,37
3,102,30
3,103,23
3,104,13
3,105,4
3,106,5
3,107,2
3,108,0
3,109,1
3,110,0
3,111,0
3,112,0
3,113,0
3,114,0
3,115,0
3,116,0
3,117,0
3,118,0
3,119,0
3,120,0
3,121,0
3,122,0
3,123,0
3,124,0
3,125,0
3,126,0
3,127,0
3,128,0
3,129,0
3,130,0
3,131,0
3,132,0
3,133,0
3,134,0
3,135,0
3,136,0
3,137,0
3,138,0
3,139,0
3,140,0
3,141,0
3,142,0
3,143,0
3,144,0
3,145,0
3,146,0
4,0,0
4,1,0
4,2,0
4,3,0
4,4,0
4,5,0
4,6,0
4,7,0
4,8,0
4,9,0
4,10,0
4,11,0
4,12,0
4,13,0
4,14,0
4,15,0
4,16,0
4,17,0
4,18,0
4,19,0
4,20,0
4,21,0
4,22,0
4,23,0
4,24,0
4,25,0
4,26,0
4,27,0
4,28,0
4,29,0
4,30,0
4,31,0
4,32,0
4,33,0
4,34,0
4,35,0
4,36,0
4,37,0
4,38,0
4,39,0
4,40,0
4,41,1
4,42,0
4,43,0
4,44,1
4,45,1
4,46,0
4,47,0
4,48,3
4,49,3
4,50,7
4,51,8
4,52,5
4,53,8
4,54,25
4,55,22
4,56,31
4,57,40
4,58,46
4,59,57
4,60,88
4,61,88
4,62,128
4,63,186
4,64,192
4,65,240
4,66,314
4,67,404
4,68,477
4,69,589
4,70,723
4,71,859
4,72,1053
4,73,1217
4,74,1379
4,75,1500
4,76,1842
4,77,2031
4,78,2173
4,79,2364
4,80,2647
4,81,2636
4,82,2820
4,83,2734
4,84,2782
4,85,2744
4,86,2411
4,87,2260
4,88,2146
4,89,1817
4,90,1599
4,91,1302
4,92,1002
4,93,816
4,94,631
4,95,431
4,96,341
4,97,260
4,98,205
4,99,109
4,100,76
4,101,45
4,102,38
4,103,23
4,104,10
4,105,4
4,106,3
4,107,2
4,108,0
4,109,1
4,110,0
4,111,0
4,112,0
4,113,0
4,114,0
4,115,0
4,116,0
4,117,0
4,118,0
4,119,0
4,120,0
4,121,0
4,122,0
4,123,0
4,124,0
4,125,0
4,126,0
4,127,0
4,128,0
4,129,0
4,130,0
4,131,0
4,132,0
4,133,0
4,134,0
4,135,0
4,136,0
4,137,0
4,138,0
4,139,0
4,140,0
4,141,0
4,142,0
4,143,0
4,144,0
4,145,0
4,146,0
5,0,0
5,1,0
5,2,0
5,3,0
5,4,0
5,5,0
5,6,0
5,7,0
5,8,0
5,9,0
5,10,0
5,11,0
5,12,0
5,13,0
5,14,0
5,15,0
5,16,0
5,17,0
5,18,0
5,19,0
5,20,0
5,21,0
5,22,0
5,23,0
5,24,0
5,25,0
5,26,0
5,27,0
5,28,0
5,29,0
5,30,0
5,31,0
5,32,0
5,33,0
5,34,0
5,35,0
5,36,0
5,37,0
5,38,0
5,39,0
5,40,0
5,41,0
5,42,0
5,43,0
5,44,1
5,45,0
5,46,1
5,47,4
5,48,3
5,49,6
5,50,1
5,51,7
5,52,9
5,53,11
5,54,12
5,55,22
5,56,21
5,57,30
5,58,46
5,59,51
5,60,78
5,61,107
5,62,118
5,63,146
5,64,209
5,65,273
5,66,298
5,67,385
5,68,459
5,69,570
5,70,671
5,71,856
5,72,985
5,73,1143
5,74,1439
5,75,1563
5,76,1786
5,77,1992
5,78,2190
5,79,2425
5,80,2581
5,81,2755
5,82,2842
5,83,2857
5,84,2669
5,85,2622
5,86,2562
5,87,2277
5,88,2171
5,89,1898
5,90,1545
5,91,1300
5,92,1025
5,93,820
5,94,644
5,95,475
5,96,320
5,97,234
5,98,167
5,99,112
5,100,65
5,101,61
5,102,32
5,103,20
5,104,15
5,105,5
5,106,5
5,107,2
5,108,1
5,109,0
5,110,0
5,111,0
5,112,0
5,113,0
5,114,0
5,115,0
5,116,0
5,117,0
5,118,0
5,119,0
5,120,0
5,121,0
5,122,0
5,123,0
5,124,0
5,125,0
5,126,0
5,127,0
5,128,0
5,129,0
5,130,0
5,131,0
5,132,0
5,133,0
5,134,0
5,135,0
5,136,0
5,137,0
5,138,0
5,139,0
5,140,0
5,141,0
5,142,0
5,143,0
5,144,0
5,145,0
5,146,0
6,0,0
6,1,0
6,2,0
6,3,0
6,4,0
6,5,0
6,6,0
6,7,0
6,8,0
6,9,0
6,10,0
6,11,0
6,12,0
6,13,0
6,14,0
6,15,0
6,16,0
6,17,0
6,18,0
6,19,0
6,20,0
6,21,0
6,22,0
6,23,0
6,24,0
6,25,0
6,26,0
6,27,0
6,28,0
6,29,0
6,30,0
6,31,0
6,32,0
6,33,0
6,34,0
6,35,0
6,36,0
6,37,0
6,38,0
6,39,0
6,40,0
6,41,0
6,42,0
6,43,0
6,44,0
6,45,3
6,46,0
6,47,2
6,48,2
6,49,3
6,50,4
6,51,4
6,52,14
6,53,8
6,54,11
6,55,21
6,56,22
6,57,34
6,58,49
6,59,57
6,60,61
6,61,103
6,62,117
6,63,170
6,64,210
6,65,244
6,66,282
6,67,389
6,68,500
6,69,573
6,70,640
6,71,802
6,72,1013
6,73,1168
6,74,1378
6,75,1677
6,76,1755
6,77,2035
6,78,2314
6,79,2498
6,80,2664
6,81,2606
6,82,2790
6,83,2759
6,84,2703
6,85,2655
6,86,2515
6,87,2330
6,88,2058
6,89,1856
6,90,1544
6,91,1283
6,92,1030
6,93,812
6,94,674
6,95,444
6,96,369
6,97,260
6,98,188
6,99,117
6,100,70
6,101,45
6,102,32
6,103,17
6,104,5
6,105,5
6,106,2
6,107,2
6,108,1
6,109,0
6,110,1
6,111,0
6,112,0
6,113,0
6,114,0
6,115,0
6,116,0
6,117,0
6,118,0
6,119,0
6,120,0
6,121,0
6,122,0
6,123,0
6,124,0
6,125,0
6,126,0
6,127,0
6,128,0
6,129,0
6,130,0
6,131,0
6,132,0
6,133,0
6,134,0
6,135,0
6,136,0
6,137,0
6,138,0
6,139,0
6,140,0
6,141,0
6,142,0
6,143,0
6,144,0
6,145,0
6,146,0
7,0,0
7,1,0
7,2,0
7,3,0
7,4,0
7,5,0
7,6,0
7,7,0
7,8,0
7,9,0
7,10,0
7,11,0
7,12,0
7,13,0
7,14,0
7,15,0
7,16,0
7,17,0
7,18,0
7,19,0
7,20,0
7,21,0
7,22,0
7,23,0
7,24,0
7,25,0
7,26,0
7,27,0
7,28,0
7,29,0
7,30,0
7,31,0
7,32,0
7,33,0
7,34,0
7,35,0
7,36,0
7,37,0
7,38,0
7,39,0
7,40,0
7,41,0
7,42,0
7,43,0
7,44,0
7,45,1
7,46,3
7,47,1
7,48,3
7,49,2
7,50,5
7,51,3
7,52,7
7,53,8
7,54,13
7,55,21
7,56,20
7,57,30
7,58,40
7,59,55
7,60,71
7,61,82
7,62,119
7,63,154
7,64,216
7,65,239
7,66,300
7,67,388
7,68,484
7,69,646
7,70,710
7,71,874
7,72,1023
7,73,1187
7,74,1357
7,75,1684
7,76,1803
7,77,2086
7,78,2225
7,79,2442
7,80,2557
7,81,2640
7,82,2799
7,83,2859
7,84,2733
7,85,2683
7,86,2477
7,87,2315
7,88,2127
7,89,1808
7,90,1514
7,91,1271
7,92,977
7,93,776
7,94,611
7,95,484
7,96,351
7,97,266
7,98,176
7,99,96
7,100,59
7,101,46
7,102,35
7,103,21
7,104,9
7,105,2
7,106,5
7,107,0
7,108,0
7,109,0
7,110,1
7,111,0
7,112,0
7,113,0
7,114,0
7,115,0
7,116,0
7,117,0
7,118,0
7,119,0
7,120,0
7,121,0
7,122,0
7,123,0
7,124,0
7,125,0
7,126,0
7,127,0
7,128,0
7,129,0
7,130,0
7,131,0
7,132,0
7,133,0
7,134,0
7,135,0
7,136,0
7,137,0
7,138,0
7,139,0
7,140,0
7,141,0
7,142,0
7,143,0
7,144,0
7,145,0
7,146,0
8,0,0
8,1,0
8,2,0
8,3,0
8,4,0
8,5,0
8,6,0
8,7,0
8,8,0
8,9,0
8,10,0
8,11,0
8,12,0
8,13,0
8,14,0
8,15,0
8,16,0
8,17,0
8,18,0
8,19,0
8,20,0
8,21,0
8,22,0
8,23,0
8,24,0
8,25,0
8,26,0
8,27,0
8,28,0
8,29,0
8,30,0
8,31,0
8,32,0
8,33,0
8,34,0
8,35,0
8,36,0
8,37,0
8,38,0
8,39,0
8,40,0
8,41,0
8,42,0
8,43,1
8,44,0
8,45,0
8,46,1
8,47,2
8,48,1
8,49,5
8,50,3
8,51,4
8,52,6
8,53,13
8,54,10
8,55,21
8,56,21
8,57,44
8,58,38
8,59,56
8,60,81
8,61,98
8,62,119
8,63,151
8,64,208
8,65,254
8,66,312
8,67,402
8,68,505
8,69,603
8,70,716
8,71,805
8,72,967
8,73,1111
8,74,1351
8,75,1483
8,76,1880
8,77,1987
8,78,2264
8,79,2422
8,80,2578
8,81,2814
8,82,2797
8,83,2814
8,84,2799
8,85,2592
8,86,2491
8,87,2270
8,88,2054
8,89,1792
8,90,1599
8,91,1382
8,92,1042
8,93,822
8,94,651
8,95,494
8,96,364
8,97,231
8,98,165
8,99,112
8,100,73
8,101,48
8,102,25
8,103,19
8,104,9
8,105,7
8,106,6
8,107,1
8,108,3
8,109,0
8,110,0
8,111,0
8,112,0
8,113,1
8,114,0
8,115,0
8,116,0
8,117,0
8,118,0
8,119,0
8,120,0
8,121,0
8,122,0
8,123,0
8,124,0
8,125,0
8,126,0
8,127,0
8,128,0
8,129,0
8,130,0
8,131,0
8,132,0
8,133,0
8,134,0
8,135,0
8,136,0
8,137,0
8,138,0
8,139,0
8,140,0
8,141,0
8,142,0
8,143,0
8,144,0
8,145,0
8,146,0
9,0,0
9,1,0
9,2,0
9,3,0
9,4,0
9,5,0
9,6,0
9,7,0
9,8,0
9,9,0
9,10,0
9,11,0
9,12,0
9,13,0
9,14,0
9,15,0
9,16,0
9,17,0
9,18,0
9,19,0
9,20,0
9,21,0
9,22,0
9,23,0
9,24,0
9,25,0
9,26,0
9,27,0
9,28,0
9,29,0
9,30,0
9,31,0
9,32,0
9,33,0
9,34,0
9,35,0
9,36,0
9,37,0
9,38,0
9,39,0
9,40,0
9,41,0
9,42,0
9,43,0
9,44,1
9,45,1
9,46,0
9,47,1
9,48,1
9,49,2
9,50,4
9,51,8
9,52,7
9,53,13
9,54,10
9,55,12
9,56,27
9,57,36
9,58,52
9,59,65
9,60,73
9,61,96
9,62,145
9,63,144
9,64,205
9,65,236
9,66,308
9,67,364
9,68,432
9,69,582
9,70,706
9,71,828
9,72,1043
9,73,1142
9,74,1348
9,75,1593
9,76,1911
9,77,1987
9,78,2247
9,79,2419
9,80,2535
9,81,2732
9,82,2781
9,83,2852
9,84,2744
9,85,2695
9,86,2491
9,87,2346
9,88,2092
9,89,1759
9,90,1565
9,91,1266
9,92,1075
9,93,791
9,94,643
9,95,510
9,96,370
9,97,256
9,98,166
9,99,111
9,100,57
9,101,55
9,102,33
9,103,13
9,104,7
9,105,3
9,106,1
9,107,2
9,108,0
9,109,0
9,110,0
9,111,0
9,112,0
9,113,0
9,114,0
9,115,0
9,116,0
9,117,0
9,118,0
9,119,0
9,120,0
9,121,0
9,122,0
9,123,0
9,124,0
9,125,0
9,126,0
9,127,0
9,128,0
9,129,0
9,130,0
9,131,0
9,132,0
9,133,0
9,134,0
9,135,0
9,136,0
9,137,0
9,138,0
9,139,0
9,140,0
9,141,0
9,142,0
9,143,0
9,144,0
9,145,0
9,146,0
10,0,0
10,1,0
10,2,0
10,3,0
10,4,0
10,5,0
10,6,0
10,7,0
10,8,0
10,9,0
10,10,0
10,11,0
10,12,0
10,13,0
10,14,0
10,15,0
10,16,0
10,17,0
10,18,0
10,19,0
10,20,0
10,21,0
10,22,0
10,23,0
10,24,0
10,25,0
10,26,0
10,27,0
10,28,0
10,29,0
10,30,0
10,31,0
10,32,0
10,33,0
10,34,0
10,35,0
10,36,0
10,37,0
10,38,0
10,39,0
10,40,0
10,41,0
10,42,0
10,43,0
10,44,1
10,45,1
10,46,1
10,47,1
10,48,1
10,49,2
10,50,11
10,51,5
10,52,7
10,53,21
10,54,15
10,55,14
10,56,18
10,57,46
10,58,45
10,59,74
10,60,57
10,61,104
10,62,147
10,63,163
10,64,193
10,65,260
10,66,301
10,67,403
10,68,484
10,69,550
10,70,675
10,71,854
10,72,1024
10,73,1193
10,74,1335
10,75,1641
10,76,1732
10,77,1997
10,78,2288
10,79,2429
10,80,2592
10,81,2812
10,82,2732
10,83,2788
10,84,2806
10,85,2754
10,86,2541
10,87,2250
10,88,1983
10,89,1761
10,90,1531
10,91,1310
10,92,1078
10,93,845
10,94,618
10,95,484
10,96,318
10,97,237
10,98,162
10,99,109
10,100,80
10,101,43
10,102,35
10,103,13
10,104,11
10,105,7
10,106,3
10,107,3
10,108,1
10,109,0
10,110,0
10,111,0
10,112,0
10,113,0
10,114,0
10,115,0
10,116,0
10,117,0
10,118,0
10,119,0
10,120,0
10,121,0
10,122,0
10,123,0
10,124,0
10,125,0
10,126,0
10,127,0
10,128,0
10,129,0
10,130,0
10,131,0
10,132,0
10,133,0
10,134,0
10,135,0
10,136,0
10,137,0
10,138,0
10,139,0
10,140,0
10,141,0
10,142,0
10,143,0
10,144,0
10,145,0
10,146,0
11,0,0
11,1,0
11,2,0
11,3,0
11,4,0
11,5,0
11,6,0
11,7,0
11,8,0
11,9,0
11,10,0
11,11,0
11,12,0
11,13,0
11,14,0
11,15,0
11,16,0
11,17,0
11,18,0
11,19,0
11,20,0
11,21,0
11,22,0
11,23,0
11,24,0
11,25,0
11,26,0
11,27,0
11,28,0
11,29,0
11,30,0
11,31,0
11,32,0
11,33,0
11,34,0
11,35,0
11,36,0
11,37,0
11,38,0
11,39,0
11,40,1
11,41,0
11,42,0
11,43,1
11,44,0
11,45,0
11,46,0
11,47,2
11,48,2
11,49,6
11,50,3
11,51,6
11,52,12
11,53,13
11,54,16
11,55,18
11,56,31
11,57,36
11,58,35
11,59,62
11,60,78
11,61,95
11,62,107
11,63,160
11,64,186
11,65,241
11,66,305
11,67,346
11,68,468
11,69,561
11,70,742
11,71,851
11,72,1077
11,73,1177
11,74,1346
11,75,1558
11,76,1780
11,77,2049
11,78,2209
11,79,2522
11,80,2565
11,81,2718
11,82,2749
11,83,2747
11,84,2738
11,85,2681
11,86,2449
11,87,2324
11,88,2179
11,89,1820
11,90,1563
11,91,1303
11,92,1068
11,93,765
11,94,619
11,95,489
11,96,362
11,97,245
11,98,167
11,99,131
11,100,86
11,101,48
11,102,36
11,103,21
11,104,10
11,105,6
11,106,6
11,107,2
11,108,1
11,109,0
11,110,0
11,111,0
11,112,0
11,113,0
11,114,0
11,115,0
11,116,0
11,117,0
11,118,0
11,119,0
11,120,0
11,121,0
11,122,0
11,123,0
11,124,0
11,125,0
11,126,0
11,127,0
11,128,0
11,129,0
11,130,0
11,131,0
11,132,0
11,133,0
11,134,0
11,135,0
11,136,0
11,137,0
11,138,0
11,139,0
11,140,0
11,141,0
11,142,0
11,143,0
11,144,0
11,145,0
11,146,0
12,0,0
12,1,0
12,2,0
12,3,0
12,4,0
12,5,0
12,6,0
12,7,0
12,8,0
12,9,0
12,10,0
12,11,0
12,12,0
12,13,0
12,14,0
12,15,0
12,16,0
12,17,0
12,18,0
12,19,0
12,20,0
12,21,0
12,22,0
12,23,0
12,24,0
12,25,0
12,26,0
12,27,0
12,28,0
12,29,0
12,30,0
12,31,0
12,32,0
12,33,0
12,34,0
12,35,0
12,36,0
12,37,0
12,38,1
12,39,0
12,40,0
12,41,0
12,42,0
12,43,0
12,44,2
12,45,1
12,46,2
12,47,3
12,48,2
12,49,0
12,50,5
12,51,8
12,52,13
12,53,11
12,54,15
12,55,19
12,56,33
12,57,31
12,58,54
12,59,59
12,60,70
12,61,83
12,62,125
12,63,167
12,64,185
12,65,241
12,66,341
12,67,360
12,68,502
12,69,582
12,70,691
12,71,891
12,72,1055
12,73,1200
12,74,1350
12,75,1534
12,76,1726
12,77,2040
12,78,2247
12,79,2409
12,80,2644
12,81,2687
12,82,2763
12,83,2819
12,84,2777
12,85,2711
12,86,2522
12,87,2368
12,88,2053
12,89,1809
12,90,1512
12,91,1286
12,92,1033
12,93,805
12,94,616
12,95,452
12,96,336
12,97,262
12,98,173
12,99,117
12,100,79
12,101,42
12,102,29
12,103,21
12,104,12
12,105,5
12,106,4
12,107,4
12,108,1
12,109,0
12,110,0
12,111,0
12,112,0
12,113,0
12,114,0
12,115,0
12,116,0
12,117,0
12,118,0
12,119,0
12,120,0
12,121,0
12,122,0
12,123,0
12,124,0
12,125,0
12,126,0
12,127,0
12,128,0
12,129,0
12,130,0
12,131,0
12,132,0
12,133,0
12,134,0
12,135,0
12,136,0
12,137,0
12,138,0
12,139,0
12,140,0
12,141,0
12,142,0
12,143,0
12,144,0
12,145,0
12,146,0
13,0,0
13,1,0
13,2,0
13,3,0
13,4,0
13,5,0
13,6,0
13,7,0
13,8,0
13,9,0
13,10,0
13,11,0
13,12,0
13,13,0
13,14,0
13,15,0
13,16,0
13,17,0
13,18,0
13,19,0
13,20,0
13,21,0
13,22,0
13,23,0
13,24,0
13,25,0
13,26,0
13,27,0
13,28,0
13,29,0
13,30,0
13,31,0
13,32,0
13,33,0
13,34,0
13,35,1
13,36,0
13,37,0
13,38,0
13,39,1
13,40,0
13,41,0
13,42,0
13,43,0
13,44,1
13,45,1
13,46,1
13,47,3
13,48,3
13,49,2
13,50,4
13,51,7
13,52,10
13,53,14
13,54,8
13,55,14
13,56,25
13,57,29
13,58,40
13,59,56
13,60,62
13,61,106
13,62,119
13,63,155
13,64,186
13,65,242
13,66,311
13,67,431
13,68,461
13,69,614
13,70,724
13,71,907
13,72,1062
13,73,1150
13,74,1427
13,75,1672
13,76,1769
13,77,2037
13,78,2213
13,79,2392
13,80,2654
13,81,2801
13,82,2734
13,83,2767
13,84,2789
13,85,2656
13,86,2577
13,87,2273
13,88,2044
13,89,1709
13,90,1499
13,91,1284
13,92,1036
13,93,817
13,94,623
13,95,445
13,96,363
13,97,221
13,98,161
13,99,100
13,100,67
13,101,37
13,102,36
13,103,19
13,104,12
13,105,7
13,106,2
13,107,6
13,108,0
13,109,0
13,110,0
13,111,1
13,112,0
13,113,0
13,114,0
13,115,0
13,116,0
13,117,0
13,118,0
13,119,0
13,120,0
13,121,0
13,122,0
13,123,0
13,124,0
13,125,0
13,126,0
13,127,0
13,128,0
13,129,0
13,130,0
13,131,0
13,132,0
13,133,0
13,134,0
13,135,0
13,136,0
13,137,0
13,138,0
13,139,0
13,140,0
13,141,0
13,142,0
13,143,0
13,144,0
13,145,0
13,146,0
14,0,0
14,1,0
14,2,0
14,3,0
14,4,0
14,5,0
14,6,0
14,7,0
14,8,0
14,9,0
14,10,0
14,11,0
14,12,0
14,13,0
14,14,0
14,15,0
14,16,0
14,17,0
14,18,0
14,19,0
14,20,0
14,21,0
14,22,0
14,23,0
14,24,0
14,25,0
14,26,0
14,27,0
14,28,0
14,29,0
14,30,0
14,31,0
14,32,0
14,33,0
14,34,0
14,35,0
14,36,0
14,37,0
14,38,0
14,39,0
14,40,0
14,41,0
14,42,0
14,43,2
14,44,0
14,45,2
14,46,2
14,47,3
14,48,2
14,49,2
14,50,5
14,51,7
14,52,6
14,53,6
14,54,10
14,55,12
14,56,25
14,57,32
14,58,30
14,59,51
14,60,67
14,61,93
14,62,130
14,63,168
14,64,185
14,65,269
14,66,303
14,67,385
14,68,478
14,69,595
14,70,704
14,71,868
14,72,981
14,73,1152
14,74,1343
14,75,1574
14,76,1786
14,77,2017
14,78,2177
14,79,2416
14,80,2552
14,81,2741
14,82,2761
14,83,2850
14,84,2818
14,85,2730
14,86,2630
14,87,2233
14,88,2115
14,89,1753
14,90,1591
14,91,1321
14,92,1078
14,93,841
14,94,632
14,95,449
14,96,319
14,97,233
14,98,169
14,99,118
14,100,61
14,101,52
14,102,28
14,103,15
14,104,8
14,105,7
14,106,4
14,107,1
14,108,1
14,109,0
14,110,0
14,111,0
14,112,1
14,113,0
14,114,0
14,115,0
14,116,0
14,117,0
14,118,0
14,119,0
14,120,0
14,121,0
14,122,0
14,123,0
14,124,0
14,125,0
14,126,0
14,127,0
14,128,0
14,129,0
14,130,0
14,131,0
14,132,0
14,133,0
14,134,0
14,135,0
14,136,0
14,137,0
14,138,0
14,139,0
14,140,0
14,141,0
14,142,0
14,143,0
14,144,0
14,145,0
14,146,0
15,0,0
15,1,0
15,2,0
15,3,0
15,4,0
15,5,0
15,6,0
15,7,0
15,8,0
15,9,0
15,10,0
15,11,0
15,12,0
15,13,0
15,14,0
15,15,0
15,16,0
15,17,0
15,18,0
15,19,0
15,20,0
15,21,0
15,22,0
15,23,0
15,24,0
15,25,0
15,26,0
15,27,0
15,28,0
15,29,0
15,30,0
15,31,0
15,32,0
15,33,0
15,34,0
15,35,0
15,36,0
15,37,0
15,38,0
15,39,0
15,40,0
15,41,0
15,42,0
15,43,0
15,44,0
15,45,0
15,46,0
15,47,3
15,48,3
15,49,3
15,50,5
15,51,9
15,52,14
15,53,11
15,54,16
15,55,10
15,56,23
15,57,36
15,58,38
15,59,55
15,60,70
15,61,102
15,62,110
15,63,152
15,64,203
15,65,243
15,66,324
15,67,386
15,68,456
15,69,601
15,70,688
15,71,882
15,72,978
15,73,1183
15,74,1456
15,75,1598
15,76,1777
15,77,2076
15,78,2222
15,79,2485
15,80,2595
15,81,2720
15,82,2679
15,83,2766
15,84,2757
15,85,2664
15,86,2574
15,87,2302
15,88,2037
15,89,1749
15,90,1560
15,91,1262
15,92,1067
15,93,855
15,94,657
15,95,478
15,96,325
15,97,257
15,98,161
15,99,137
15,100,77
15,101,46
15,102,30
15,103,13
15,104,6
15,105,2
15,106,5
15,107,1
15,108,0
15,109,0
15,110,0
15,111,0
15,112,0
15,113,0
15,114,0
15,115,0
15,116,0
15,117,0
15,118,0
15,119,0
15,120,0
15,121,0
15,122,0
15,123,0
15,124,0
15,125,0
15,126,0
15,127,0
15,128,0
15,129,0
15,130,0
15,131,0
15,132,0
15,133,0
15,134,0
15,135,0
15,136,0
15,137,0
15,138,0
15,139,0
15,140,0
15,141,0
15,142,0
15,143,0
15,144,0
15,145,0
15,146,0
16,0,0
16,1,0
16,2,0
16,3,0
16,4,0
16,5,0
16,6,0
16,7,0
16,8,0
16,9,0
16,10,0
16,11,0
16,12,0
16,13,0
16,14,0
16,15,0
16,16,0
16,17,0
16,18,0
16,19,0
16,20,0
16,21,0
16,22,0
16,23,0
16,24,0
16,25,0
16,26,0
16,27,0
16,28,0
16,29,0
16,30,0
16,31,0
16,32,0
16,33,0
16,34,0
16,35,0
16,36,0
16,37,0
16,38,0
16,39,1
16,40,0
16,41,0
16,42,2
16,43,0
16,44,2
16,45,1
16,46,1
16,47,1
16,48,2
16,49,2
16,50,6
16,51,4
16,52,7
16,53,13
16,54,14
16,55,17
16,56,37
16,57,33
16,58,24
16,59,52
16,60,76
16,61,91
16,62,120
16,63,167
16,64,206
16,65,242
16,66,290
16,67,352
16,68,552
16,69,559
16,70,735
16,71,844
16,72,1048
16,73,1201
16,74,1334
16,75,1590
16,76,1748
16,77,2044
16,78,2263
16,79,2404
16,80,2558
16,81,2759
16,82,2805
16,83,2784
16,84,2800
16,85,2634
16,86,2562
16,87,2283
16,88,2008
16,89,1836
16,90,1553
16,91,1244
16,92,1083
16,93,836
16,94,692
16,95,457
16,96,314
16,97,243
16,98,141
16,99,117
16,100,72
16,101,47
16,102,32
16,103,18
16,104,14
16,105,11
16,106,6
16,107,4
16,108,0
16,109,2
16,110,0
16,111,0
16,112,0
16,113,0
16,114,0
16,115,0
16,116,0
16,117,0
16,118,0
16,119,0
16,120,0
16,121,0
16,122,0
16,123,0
16,124,0
16,125,0
16,126,0
16,127,0
16,128,0
16,129,0
16,130,0
16,131,0
16,132,0
16,133,0
16,134,0
16,135,0
16,136,0
16,137,0
16,138,0
16,139,0
16,140,0
16,141,0
16,142,0
16,143,0
16,144,0
16,145,0
16,146,0
17,0,0
17,1,0
17,2,0
17,3,0
17,4,0
17,5,0
17,6,0
17,7,0
17,8,0
17,9,0
17,10,0
17,11,0
17,12,0
17,13,0
17,14,0
17,15,0
17,16,0
17,17,0
17,18,0
17,19,0
17,20,0
17,21,0
17,22,0
17,23,0
17,24,0
17,25,0
17,26,0
17,27,0
17,28,0
17,29,0
17,30,0
17,31,0
17,32,0
17,33,0
17,34,0
17,35,0
17,36,0
17,37,0
17,38,0
17,39,0
17,40,0
17,41,0
17,42,0
17,43,0
17,44,1
17,45,0
17,46,3
17,47,0
17,48,2
17,49,1
17,50,5
17,51,6
17,52,2
17,53,13
17,54,13
17,55,15
17,56,23
17,57,36
17,58,57
17,59,54
17,60,81
17,61,91
17,62,126
17,63,158
17,64,230
17,65,265
17,66,327
17,67,393
17,68,492
17,69,569
17,70,711
17,71,815
17,72,967
17,73,1171
17,74,1389
17,75,1535
17,76,1698
17,77,1972
17,78,2297
17,79,2431
17,80,2574
17,81,2695
17,82,2828
17,83,2875
17,84,2821
17,85,2665
17,86,2566
17,87,2265
17,88,2078
17,89,1851
17,90,1483
17,91,1287
17,92,1137
17,93,836
17,94,620
17,95,452
17,96,360
17,97,217
17,98,171
17,99,100
17,100,64
17,101,33
17,102,25
17,103,20
17,104,12
17,105,6
17,106,3
17,107,2
17,108,2
17,109,2
17,110,0
17,111,1
17,112,0
17,113,0
17,114,0
17,115,0
17,116,0
17,117,0
17,118,0
17,119,0
17,120,0
17,121,0
17,122,0
17,123,0
17,124,0
17,125,0
17,126,0
17,127,0
17,128,0
17,129,0
17,130,0
17,131,0
17,132,0
17,133,0
17,134,0
17,135,0
17,136,0
17,137,0
17,138,0
17,139,0
17,140,0
17,141,0
17,142,0
17,143,0
17,144,0
17,145,0
17,146,0
18,0,0
18,1,0
18,2,0
18,3,0
18,4,0
18,5,0
18,6,0
18,7,0
18,8,0
18,9,0
18,10,0
18,11,0
18,12,0
18,13,0
18,14,0
18,15,0
18,16,0
18,17,0
18,18,0
18,19,0
18,20,0
18,21,0
18,22,0
18,23,0
18,24,0
18,25,0
18,26,0
18,27,0
18,28,0
18,29,0
18,30,0
18,31,0
18,32,0
18,33,0
18,34,0
18,35,0
18,36,0
18,37,1
18,38,0
18,39,0
18,40,0
18,41,0
18,42,0
18,43,1
18,44,1
18,45,1
18,46,0
18,47,0
18,48,2
18,49,3
18,50,7
18,51,5
18,52,13
18,53,13
18,54,7
18,55,18
18,56,26
18,57,37
18,58,37
18,59,50
18,60,81
18,61,99
18,62,121
18,63,168
18,64,216
18,65,242
18,66,337
18,67,384
18,68,422
18,69,580
18,70,719
18,71,830
18,72,995
18,73,1130
18,74,1385
18,75,1638
18,76,1895
18,77,1951
18,78,2238
18,79,2372
18,80,2482
18,81,2728
18,82,2818
18,83,2830
18,84,2779
18,85,2662
18,86,2502
18,87,2294
18,88,2083
18,89,1831
18,90,1552
18,91,1318
18,92,1056
18,93,829
18,94,656
18,95,491
18,96,327
18,97,231
18,98,185
18,99,111
18,100,81
18,101,54
18,102,31
18,103,19
18,104,12
18,105,4
18,106,2
18,107,4
18,108,2
18,109,0
18,110,1
18,111,0
18,112,0
18,113,0
18,114,0
18,115,0
18,116,0
18,117,0
18,118,0
18,119,0
18,120,0
18,121,0
18,122,0
18,123,0
18,124,0
18,125,0
18,126,0
18,127,0
18,128,0
18,129,0
18,130,0
18,131,0
18,132,0
18,133,0
18,134,0
18,135,0
18,136,0
18,137,0
18,138,0
18,139,0
18,140,0
18,141,0
18,142,0
18,143,0
18,144,0
18,145,0
18,146,0
19,0,0
19,1,0
19,2,0
19,3,0
19,4,0
19,5,0
19,6,0
19,7,0
19,8,0
19,9,0
19,10,0
19,11,0
19,12,0
19,13,0
19,14,0
19,15,0
19,16,0
19,17,0
19,18,0
19,19,0
19,20,0
19,21,0
19,22,0
19,23,0
19,24,0
19,25,0
19,26,0
19,27,0
19,28,0
19,29,0
19,30,0
19,31,0
19,32,0
19,33,0
19,34,0
19,35,0
19,36,0
19,37,0
19,38,0
19,39,0
19,40,0
19,41,0
19,42,0
19,43,0
19,44,1
19,45,1
19,46,1
19,47,0
19,48,4
19,49,5
19,50,5
19,51,6
19,52,10
19,53,11
19,54,9
19,55,14
19,56,33
19,57,27
19,58,41
19,59,51
19,60,76
19,61,114
19,62,126
19,63,155
19,64,194
19,65,259
19,66,316
19,67,401
19,68,466
19,69,607
19,70,730
19,71,845
19,72,968
19,73,1102
19,74,1332
19,75,1612
19,76,1792
19,77,1974
19,78,2327
19,79,2394
19,80,2692
19,81,2740
19,82,2746
19,83,2717
19,84,2818
19,85,2731
19,86,2501
19,87,2273
19,88,2069
19,89,1772
19,90,1552
19,91,1315
19,92,1067
19,93,800
19,94,625
19,95,492
19,96,357
19,97,253
19,98,167
19,99,112
19,100,64
19,101,51
19,102,36
19,103,16
19,104,11
19,105,5
19,106,5
19,107,2
19,108,2
19,109,0
19,110,0
19,111,0
19,112,0
19,113,0
19,114,0
19,115,0
19,116,0
19,117,0
19,118,0
19,119,0
19,120,0
19,121,0
19,122,0
19,123,0
19,124,0
19,125,0
19,126,0
19,127,0
19,128,0
19,129,0
19,130,0
19,131,0
19,132,0
19,133,0
19,134,0
19,135,0
19,136,0
19,137,0
19,138,0
19,139,0
19,140,0
19,141,0
19,142,0
19,143,0
19,144,0
19,145,0
19,146,0
20,0,0
20,1,0
20,2,0
20,3,0
20,4,0
20,5,0
20,6,0
20,7,0
20,8,0
20,9,0
20,10,0
20,11,0
20,12,0
20,13,0
20,14,0
20,15,0
20,16,0
20,17,0
20,18,0
20,19,0
20,20,0
20,21,0
20,22,0
20,23,0
20,24,0
20,25,0
20,26,0
20,27,0
20,28,0
20,29,0
20,30,0
20,31,0
20,32,0
20,33,0
20,34,0
20,35,0
20,36,0
20,37,0
20,38,0
20,39,0
20,40,0
20,41,0
20,42,0
20,43,0
20,44,0
20,45,0
20,46,0
20,47,0
20,48,2
20,49,3
20,50,4
20,51,4
20,52,8
20,53,11
20,54,16
20,55,16
20,56,26
20,57,36
20,58,52
20,59,62
20,60,71
20,61,101
20,62,131
20,63,165
20,64,187
20,65,238
20,66,296
20,67,377
20,68,506
20,69,586
20,70,679
20,71,885
20,72,989
20,73,1152
20,74,1368
20,75,1630
20,76,1734
20,77,1975
20,78,2250
20,79,2472
20,80,2576
20,81,2722
20,82,2774
20,83,2803
20,84,2747
20,85,2635
20,86,2476
20,87,2371
20,88,2077
20,89,1795
20,90,1582
20,91,1317
20,92,1081
20,93,802
20,94,647
20,95,460
20,96,368
20,97,236
20,98,184
20,99,122
20,100,77
20,101,49
20,102,23
20,103,15
20,104,12
20,105,5
20,106,5
20,107,2
20,108,1
20,109,2
20,110,1
20,111,1
20,112,0
20,113,0
20,114,0
20,115,0
20,116,0
20,117,0
20,118,0
20,119,0
20,120,0
20,121,0
20,122,0
20,123,0
20,124,0
20,125,0
20,126,0
20,127,0
20,128,0
20,129,0
20,130,0
20,131,0
20,132,0
20,133,0
20,134,0
20,135,0
20,136,0
20,137,0
20,138,0
20,139,0
20,140,0
20,141,0
20,142,0
20,143,0
20,144,0
20,145,0
20,146,0
21,0,0
21,1,0
21,2,0
21,3,0
21,4,0
21,5,0
21,6,0
21,7,0
21,8,0
21,9,0
21,10,0
21,11,0
21,12,0
21,13,0
21,14,0
21,15,0
21,16,0
21,17,0
21,18,0
21,19,0
21,20,0
21,21,0
21,22,0
21,23,0
21,24,0
21,25,0
21,26,0
21,27,0
21,28,0
21,29,0
21,30,0
21,31,0
21,32,0
21,33,0
21,34,0
21,35,0
21,36,0
21,37,0
21,38,0
21,39,0
21,40,0
21,41,0
21,42,0
21,43,1
21,44,2
21,45,0
21,46,1
21,47,1
21,48,4
21,49,0
21,50,2
21,51,4
21,52,13
21,53,13
21,54,17
21,55,18
21,56,25
21,57,30
21,58,37
21,59,66
21,60,88
21,61,102
21,62,110
21,63,148
21,64,206
21,65,263
21,66,291
21,67,398
21,68,482
21,69,606
21,70,658
21,71,831
21,72,995
21,73,1117
21,74,1316
21,75,1601
21,76,1803
21,77,1975
21,78,2224
21,79,2424
21,80,2590
21,81,2741
21,82,2788
21,83,2833
21,84,2834
21,85,2668
21,86,2561
21,87,2312
21,88,2081
21,89,1795
21,90,1561
21,91,1318
21,92,1038
21,93,849
21,94,622
21,95,457
21,96,324
21,97,252
21,98,173
21,99,120
21,100,87
21,101,52
21,102,24
21,103,21
21,104,9
21,105,10
21,106,4
21,107,2
21,108,1
21,109,1
21,110,0
21,111,0
21,112,0
21,113,0
21,114,0
21,115,0
21,116,0
21,117,0
21,118,0
21,119,0
21,120,0
21,121,0
21,122,0
21,123,0
21,124,0
21,125,0
21,126,0
21,127,0
21,128,0
21,129,0
21,130,0
21,131,0
21,132,0
21,133,0
21,134,0
21,135,0
21,136,0
21,137,0
21,138,0
21,139,0
21,140,0
21,141,0
21,142,0
21,143,0
21,144,0
21,145,0
21,146,0
22,0,0
22,1,0
22,2,0
22,3,0
22,4,0
22,5,0
22,6,0
22,7,0
22,8,0
22,9,0
22,10,0
22,11,0
22,12,0
22,13,0
22,14,0
22,15,0
22,16,0
22,17,0
22,18,0
22,19,0
22,20,0
22,21,0
22,22,0
22,23,0
22,24,0
22,25,0
22,26,0
22,27,0
22,28,0
22,29,0
22,30,0
22,31,0
22,32,0
22,33,0
22,34,0
22,35,0
22,36,0
22,37,0
22,38,0
22,39,0
22,40,0
22,41,0
22,42,0
22,43,0
22,44,0
22,45,4
22,46,0
22,47,3
22,48,1
22,49,3
22,50,3
22,51,4
22,52,4
22,53,11
22,54,10
22,55,25
22,56,33
22,57,29
22,58,49
22,59,53
22,60,73
22,61,105
22,62,113
22,63,150
22,64,174
22,65,246
22,66,305
22,67,404
22,68,495
22,69,551
22,70,731
22,71,835
22,72,1005
22,73,1158
22,74,1367
22,75,1566
22,76,1868
22,77,1986
22,78,2249
22,79,2413
22,80,2575
22,81,2802
22,82,2831
22,83,2835
22,84,2788
22,85,2682
22,86,2515
22,87,2303
22,88,2074
22,89,1771
22,90,1542
22,91,1275
22,92,1076
22,93,788
22,94,626
22,95,437
22,96,344
22,97,236
22,98,173
22,99,111
22,100,65
22,101,48
22,102,31
22,103,25
22,104,8
22,105,6
22,106,6
22,107,1
22,108,0
22,109,0
22,110,0
22,111,0
22,112,0
22,113,0
22,114,0
22,115,0
22,116,0
22,117,0
22,118,0
22,119,0
22,120,0
22,121,0
22,122,0
22,123,0
22,124,0
22,125,0
22,126,0
22,127,0
22,128,0
22,129,0
22,130,0
22,131,0
22,132,0
22,133,0
22,134,0
22,135,0
22,136,0
22,137,0
22,138,0
22,139,0
22,140,0
22,141,0
22,142,0
22,143,0
22,144,0
22,145,0
22,146,0
23,0,0
23,1,0
23,2,0
23,3,0
23,4,0
23,5,0
23,6,0
23,7,0
23,8,0
23,9,0
23,10,0
23,11,0
23,12,0
23,13,0
23,14,0
23,15,0
23,16,0
23,17,0
23,18,0
23,19,0
23,20,0
23,21,0
23,22,0
23,23,0
23,24,0
23,25,0
23,26,0
23,27,0
23,28,0
23,29,0
23,30,0
23,31,0
23,32,0
23,33,0
23,34,0
23,35,0
23,36,0
23,37,1
23,38,0
23,39,0
23,40,0
23,41,0
23,42,0
23,43,0
23,44,0
23,45,0
23,46,0
23,47,0
23,48,2
23,49,4
23,50,11
23,51,9
23,52,9
23,53,13
23,54,13
23,55,16
23,56,31
23,57,36
23,58,47
23,59,62
23,60,69
23,61,109
23,62,119
23,63,166
23,64,194
23,65,253
23,66,323
23,67,391
23,68,512
23,69,566
23,70,731
23,71,808
23,72,1034
23,73,1181
23,74,1387
23,75,1548
23,76,1783
23,77,2068
23,78,2305
23,79,2460
23,80,2581
23,81,2750
23,82,2822
23,83,2752
23,84,2794
23,85,2648
23,86,2562
23,87,2307
23,88,1933
23,89,1860
23,90,1519
23,91,1294
23,92,1028
23,93,796
23,94,608
23,95,471
23,96,319
23,97,243
23,98,166
23,99,109
23,100,65
23,101,50
23,102,24
23,103,17
23,104,8
23,105,9
23,106,3
23,107,0
23,108,0
23,109,1
23,110,0
23,111,0
23,112,0
23,113,0
23,114,0
23,115,0
23,116,0
23,117,0
23,118,0
23,119,0
23,120,0
23,121,0
23,122,0
23,123,0
23,124,0
23,125,0
23,126,0
23,127,0
23,128,0
23,129,0
23,130,0
23,131,0
23,132,0
23,133,0
23,134,0
23,135,0
23,136,0
23,137,0
23,138,0
23,139,0
23,140,0
23,141,0
23,142,0
23,143,0
23,144,0
23,145,0
23,146,0
24,0,0
24,1,0
24,2,0
24,3,0
24,4,0
24,5,0
24,6,0
24,7,0
24,8,0
24,9,0
24,10,0
24,11,0
24,12,0
24,13,0
24,14,0
24,15,0
24,16,0
24,17,0
24,18,0
24,19,0
24,20,0
24,21,0
24,22,0
24,23,0
24,24,0
24,25,0
24,26,0
24,27,0
24,28,0
24,29,0
24,30,0
24,31,0
24,32,0
24,33,0
24,34,0
24,35,0
24,36,0
24,37,0
24,38,0
24,39,1
24,40,1
24,41,1
24,42,0
24,43,2
24,44,2
24,45,1
24,46,2
24,47,1
24,48,3
24,49,5
24,50,6
24,51,10
24,52,3
24,53,10
24,54,11
24,55,14
24,56,23
24,57,40
24,58,52
24,59,59
24,60,78
24,61,109
24,62,133
24,63,146
24,64,186
24,65,238
24,66,304
24,67,380
24,68,510
24,69,541
24,70,655
24,71,857
24,72,1016
24,73,1216
24,74,1386
24,75,1653
24,76,1840
24,77,1985
24,78,2249
24,79,2421
24,80,2622
24,81,2718
24,82,2739
24,83,2820
24,84,2847
24,85,2703
24,86,2514
24,87,2243
24,88,2086
24,89,1808
24,90,1585
24,91,1266
24,92,993
24,93,811
24,94,629
24,95,445
24,96,308
24,97,227
24,98,191
24,99,105
24,100,60
24,101,49
24,102,30
24,103,23
24,104,16
24,105,7
24,106,4
24,107,1
24,108,0
24,109,0
24,110,0
24,111,0
24,112,0
24,113,0
24,114,0
24,115,0
24,116,0
24,117,0
24,118,0
24,119,0
24,120,0
24,121,0
24,122,0
24,123,0
24,124,0
24,125,0
24,126,0
24,127,0
24,128,0
24,129,0
24,130,0
24,131,0
24,132,0
24,133,0
24,134,0
24,135,0
24,136,0
24,137,0
24,138,0
24,139,0
24,140,0
24,141,0
24,142,0
24,143,0
24,144,0
24,145,0
24,146,0
25,0,0
25,1,0
25,2,0
25,3,0
25,4,0
25,5,0
25,6,0
25,7,0
25,8,0
25,9,0
25,10,0
25,11,0
25,12,0
25,13,0
25,14,0
25,15,0
25,16,0
25,17,0
25,18,0
25,19,0
25,20,0
25,21,0
25,22,0
25,23,0
25,24,0
25,25,0
25,26,0
25,27,0
25,28,0
25,29,0
25,30,0
25,31,0
25,32,0
25,33,0
25,34,0
25,35,0
25,36,0
25,37,0
25,38,0
25,39,1
25,40,0
25,41,0
25,42,1
25,43,2
25,44,1
25,45,0
25,46,1
25,47,1
25,48,3
25,49,4
25,50,8
25,51,6
25,52,10
25,53,9
25,54,8
25,55,23
25,56,31
25,57,33
25,58,33
25,59,65
25,60,72
25,61,86
25,62,141
25,63,147
25,64,182
25,65,228
25,66,322
25,67,374
25,68,461
25,69,563
25,70,723
25,71,850
25,72,1052
25,73,1133
25,74,1413
25,75,1483
25,76,1787
25,77,2119
25,78,2235
25,79,2470
25,80,2604
25,81,2707
25,82,2803
25,83,2774
25,84,2767
25,85,2682
25,86,2495
25,87,2315
25,88,2049
25,89,1769
25,90,1627
25,91,1319
25,92,979
25,93,829
25,94,605
25,95,486
25,96,360
25,97,298
25,98,155
25,99,112
25,100,85
25,101,36
25,102,24
25,103,19
25,104,10
25,105,6
25,106,2
25,107,2
25,108,0
25,109,0
25,110,0
25,111,0
25,112,0
25,113,0
25,114,0
25,115,0
25,116,0
25,117,0
25,118,0
25,119,0
25,120,0
25,121,0
25,122,0
25,123,0
25,124,0
25,125,0
25,126,0
25,127,0
25,128,0
25,129,0
25,130,0
25,131,0
25,132,0
25,133,0
25,134,0
25,135,0
25,136,0
25,137,0
25,138,0
25,139,0
25,140,0
25,141,0
25,142,0
25,143,0
25,144,0
25,145,0
25,146,0
26,0,0
26,1,0
26,2,0
26,3,0
26,4,0
26,5,0
26,6,0
26,7,0
26,8,0
26,9,0
26,10,0
26,11,0
26,12,0
26,13,0
26,14,0
26,15,0
26,16,0
26,17,0
26,18,0
26,19,0
26,20,0
26,21,0
26,22,0
26,23,0
26,24,0
26,25,0
26,26,0
26,27,0
26,28,0
26,29,0
26,30,0
26,31,0
26,32,0
26,33,0
26,34,0
26,35,0
26,36,0
26,37,0
26,38,0
26,39,0
26,40,0
26,41,0
26,42,1
26,43,1
26,44,0
26,45,1
26,46,3
26,47,1
26,48,5
26,49,3
26,50,7
26,51,2
26,52,7
26,53,11
26,54,10
26,55,21
26,56,27
26,57,33
26,58,52
26,59,63
26,60,80
26,61,97
26,62,113
26,63,156
26,64,190
26,65,270
26,66,313
26,67,380
26,68,505
26,69,601
26,70,706
26,71,833
26,72,1026
26,73,1294
26,74,1372
26,75,1560
26,76,1891
26,77,2065
26,78,2226
26,79,2371
26,80,2518
26,81,2666
26,82,2810
26,83,2793
26,84,2729
26,85,2615
26,86,2561
26,87,2240
26,88,2074
26,89,1795
26,90,1580
26,91,1301
26,92,1026
26,93,842
26,94,644
26,95,471
26,96,355
26,97,246
26,98,162
26,99,102
26,100,66
26,101,39
26,102,27
26,103,14
26,104,7
26,105,6
26,106,8
26,107,3
26,108,2
26,109,0
26,110,0
26,111,0
26,112,1
26,113,0
26,114,0
26,115,0
26,116,0
26,117,0
26,118,0
26,119,0
26,120,0
26,121,0
26,122,0
26,123,0
26,124,0
26,125,0
26,126,0
26,127,0
26,128,0
26,129,0
26,130,0
26,131,0
26,132,0
26,133,0
26,134,0
26,135,0
26,136,0
26,137,0
26,138,0
26,139,0
26,140,0
26,141,0
26,142,0
26,143,0
26,144,0
26,145,0
26,146,0
27,0,0
27,1,0
27,2,0
27,3,0
27,4,0
27,5,0
27,6,0
27,7,0
27,8,0
27,9,0
27,10,0
27,11,0
27,12,0
27,13,0
27,14,0
27,15,0
27,16,0
27,17,0
27,18,0
27,19,0
27,20,0
27,21,0
27,22,0
27,23,0
27,24,0
27,25,0
27,26,0
27,27,0
27,28,0
27,29,0
27,30,0
27,31,0
27,32,0
27,33,0
27,34,0
27,35,0
27,36,0
27,37,0
27,38,0
27,39,0
27,40,0
27,41,0
27,42,0
27,43,0
27,44,0
27,45,0
27,46,3
27,47,2
27,48,3
27,49,2
27,50,2
27,51,4
27,52,7
27,53,15
27,54,6
27,55,15
27,56,25
27,57,32
27,58,57
27,59,46
27,60,82
27,61,76
27,62,99
27,63,161
27,64,198
27,65,260
27,66,312
27,67,404
27,68,451
27,69,633
27,70,739
27,71,840
27,72,1033
27,73,1208
27,74,1394
27,75,1546
27,76,1836
27,77,2002
27,78,2147
27,79,2419
27,80,2569
27,81,2725
27,82,2788
27,83,2841
27,84,2721
27,85,2688
27,86,2443
27,87,2432
27,88,2092
27,89,1785
27,90,1559
27,91,1311
27,92,1042
27,93,839
27,94,632
27,95,450
27,96,349
27,97,249
27,98,128
27,99,104
27,100,71
27,101,51
27,102,31
27,103,17
27,104,9
27,105,5
27,106,5
27,107,2
27,108,2
27,109,1
27,110,0
27,111,0
27,112,0
27,113,0
27,114,0
27,115,0
27,116,0
27,117,0
27,118,0
27,119,0
27,120,0
27,121,0
27,122,0
27,123,0
27,124,0
27,125,0
27,126,0
27,127,0
27,128,0
27,129,0
27,130,0
27,131,0
27,132,0
27,133,0
27,134,0
27,135,0
27,136,0
27,137,0
27,138,0
27,139,0
27,140,0
27,141,0
27,142,0
27,143,0
27,144,0
27,145,0
27,146,0
28,0,0
28,1,0
28,2,0
28,3,0
28,4,0
28,5,0
28,6,0
28,7,0
28,8,0
28,9,0
28,10,0
28,11,0
28,12,0
28,13,0
28,14,0
28,15,0
28,16,0
28,17,0
28,18,0
28,19,0
28,20,0
28,21,0
28,22,0
28,23,0
28,24,0
28,25,0
28,26,0
28,27,0
28,28,0
28,29,0
28,30,0
28,31,0
28,32,0
28,33,0
28,34,0
28,35,0
28,36,0
28,37,0
28,38,0
28,39,0
28,40,1
28,41,0
28,42,0
28,43,0
28,44,0
28,45,1
28,46,1
28,47,2
28,48,4
28,49,1
28,50,3
28,51,8
28,52,9
28,53,10
28,54,16
28,55,26
28,56,29
28,57,43
28,58,25
28,59,60
28,60,65
28,61,105
28,62,123
28,63,144
28,64,203
28,65,236
28,66,313
28,67,364
28,68,467
28,69,584
28,70,707
28,71,827
28,72,1008
28,73,1209
28,74,1397
28,75,1605
28,76,1837
28,77,2009
28,78,2206
28,79,2501
28,80,2560
28,81,2737
28,82,2848
28,83,2843
28,84,2759
28,85,2677
28,86,2495
28,87,2297
28,88,2097
28,89,1787
28,90,1544
28,91,1263
28,92,1023
28,93,832
28,94,627
28,95,424
28,96,314
28,97,217
28,98,175
28,99,142
28,100,80
28,101,49
28,102,30
28,103,14
28,104,10
28,105,1
28,106,5
28,107,1
28,108,0
28,109,0
28,110,0
28,111,0
28,112,0
28,113,0
28,114,0
28,115,0
28,116,0
28,117,0
28,118,0
28,119,0
28,120,0
28,121,0
28,122,0
28,123,0
28,124,0
28,125,0
28,126,0
28,127,0
28,128,0
28,129,0
28,130,0
28,131,0
28,132,0
28,133,0
28,134,0
28,135,0
28,136,0
28,137,0
28,138,0
28,139,0
28,140,0
28,141,0
28,142,0
28,143,0
28,144,0
28,145,0
28,146,0
29,0,0
29,1,0
29,2,0
29,3,0
29,4,0
29,5,0
29,6,0
29,7,0
29,8,0
29,9,0
29,10,0
29,11,0
29,12,0
29,13,0
29,14,0
29,15,0
29,16,0
29,17,0
29,18,0
29,19,0
29,20,0
29,21,0
29,22,0
29,23,0
29,24,0
29,25,0
29,26,0
29,27,0
29,28,0
29,29,0
29,30,0
29,31,0
29,32,0
29,33,0
29,34,0
29,35,0
29,36,0
29,37,0
29,38,0
29,39,0
29,40,0
29,41,0
29,42,0
29,43,0
29,44,3
29,45,2
29,46,0
29,47,0
29,48,2
29,49,3
29,50,3
29,51,13
29,52,6
29,53,10
29,54,12
29,55,26
29,56,24
29,57,35
29,58,47
29,59,60
29,60,76
29,61,101
29,62,109
29,63,155
29,64,195
29,65,237
29,66,325
29,67,416
29,68,464
29,69,561
29,70,726
29,71,862
29,72,1029
29,73,1167
29,74,1325
29,75,1622
29,76,1855
29,77,2050
29,78,2306
29,79,2410
29,80,2532
29,81,2701
29,82,2806
29,83,2817
29,84,2710
29,85,2661
29,86,2544
29,87,2277
29,88,2091
29,89,1808
29,90,1549
29,91,1313
29,92,1028
29,93,836
29,94,661
29,95,426
29,96,323
29,97,223
29,98,171
29,99,97
29,100,67
29,101,44
29,102,30
29,103,22
29,104,13
29,105,9
29,106,2
29,107,1
29,108,1
29,109,0
29,110,0
29,111,0
29,112,0
29,113,0
29,114,0
29,115,0
29,116,0
29,117,0
29,118,0
29,119,0
29,120,0
29,121,0
29,122,0
29,123,0
29,124,0
29,125,0
29,126,0
29,127,0
29,128,0
29,129,0
29,130,0
29,131,0
29,132,0
29,133,0
29,134,0
29,135,0
29,136,0
29,137,0
29,138,0
29,139,0
29,140,0
29,141,0
29,142,0
29,143,0
29,144,0
29,145,0
29,146,0
30,0,0
30,1,0
30,2,0
30,3,0
30,4,0
30,5,0
30,6,0
30,7,0
30,8,0
30,9,0
30,10,0
30,11,0
30,12,0
30,13,0
30,14,0
30,15,0
30,16,0
30,17,0
30,18,0
30,19,0
30,20,0
30,21,0
30,22,0
30,23,0
30,24,0
30,25,0
30,26,0
30,27,0
30,28,0
30,29,0
30,30,0
30,31,0
30,32,0
30,33,0
30,34,0
30,35,0
30,36,0
30,37,0
30,38,0
30,39,0
30,40,0
30,41,0
30,42,0
30,43,0
30,44,0
30,45,0
30,46,2
30,47,2
30,48,4
30,49,4
30,50,0
30,51,8
30,52,2
30,53,10
30,54,28
30,55,17
30,56,26
30,57,32
30,58,52
30,59,53
30,60,80
30,61,92
30,62,124
30,63,156
30,64,203
30,65,239
30,66,320
30,67,404
30,68,452
30,69,603
30,70,699
30,71,881
30,72,1025
30,73,1219
30,74,1341
30,75,1561
30,76,1853
30,77,2022
30,78,2205
30,79,2382
30,80,2621
30,81,2736
30,82,2780
30,83,2719
30,84,2698
30,85,2617
30,86,2503
30,87,2357
30,88,2165
30,89,1800
30,90,1527
30,91,1338
30,92,1094
30,93,769
30,94,630
30,95,478
30,96,347
30,97,237
30,98,162
30,99,118
30,100,73
30,101,57
30,102,22
30,103,17
30,104,16
30,105,7
30,106,6
30,107,2
30,108,1
30,109,1
30,110,1
30,111,0
30,112,0
30,113,0
30,114,0
30,115,0
30,116,0
30,117,0
30,118,0
30,119,0
30,120,0
30,121,0
30,122,0
30,123,0
30,124,0
30,125,0
30,126,0
30,127,0
30,128,0
30,129,0
30,130,0
30,131,0
30,132,0
30,133,0
30,134,0
30,135,0
30,136,0
30,137,0
30,138,0
30,139,0
30,140,0
30,141,0
30,142,0
30,143,0
30,144,0
30,145,0
30,146,0
31,0,0
31,1,0
31,2,0
31,3,0
31,4,0
31,5,0
31,6,0
31,7,0
31,8,0
31,9,0
31,10,0
31,11,0
31,12,0
31,13,0
31,14,0
31,15,0
31,16,0
31,17,0
31,18,0
31,19,0
31,20,0
31,21,0
31,22,0
31,23,0
31,24,0
31,25,0
31,26,0
31,27,0
31,28,0
31,29,0
31,30,0
31,31,0
31,32,0
31,33,0
31,34,0
31,35,0
31,36,0
31,37,0
31,38,0
31,39,0
31,40,1
31,41,1
31,42,0
31,43,1
31,44,0
31,45,1
31,46,1
31,47,4
31,48,5
31,49,4
31,50,4
31,51,3
31,52,8
31,53,9
31,54,18
31,55,24
31,56,27
31,57,24
31,58,47
31,59,55
31,60,79
31,61,105
31,62,128
31,63,146
31,64,182
31,65,249
31,66,313
31,67,370
31,68,467
31,69,551
31,70,733
31,71,809
31,72,987
31,73,1206
31,74,1419
31,75,1534
31,76,1768
31,77,2082
31,78,2222
31,79,2448
31,80,2600
31,81,2812
31,82,2828
31,83,2821
31,84,2665
31,85,2665
31,86,2525
31,87,2269
31,88,2076
31,89,1788
31,90,1614
31,91,1284
31,92,1022
31,93,858
31,94,650
31,95,482
31,96,335
31,97,231
31,98,178
31,99,108
31,100,64
31,101,38
31,102,25
31,103,16
31,104,7
31,105,3
31,106,1
31,107,0
31,108,0
31,109,0
31,110,0
31,111,0
31,112,0
31,113,0
31,114,0
31,115,0
31,116,0
31,117,0
31,118,0
31,119,0
31,120,0
31,121,0
31,122,0
31,123,0
31,124,0
31,125,0
31,126,0
31,127,0
31,128,0
31,129,0
31,130,0
31,131,0
31,132,0
31,133,0
31,134,0
31,135,0
31,136,0
31,137,0
31,138,0
31,139,0
31,140,0
31,141,0
31,142,0
31,143,0
31,144,0
31,145,0
31,146,0
32,0,0
32,1,0
32,2,0
32,3,0
32,4,0
32,5,0
32,6,0
32,7,0
32,8,0
32,9,0
32,10,0
32,11,0
32,12,0
32,13,0
32,14,0
32,15,0
32,16,0
32,17,0
32,18,0
32,19,0
32,20,0
32,21,0
32,22,0
32,23,0
32,24,0
32,25,0
32,26,0
32,27,0
32,28,0
32,29,0
32,30,0
32,31,0
32,32,0
32,33,0
32,34,0
32,35,0
32,36,0
32,37,0
32,38,0
32,39,0
32,40,0
32,41,0
32,42,0
32,43,0
32,44,1
32,45,0
32,46,0
32,47,1
32,48,3
32,49,6
32,50,3
32,51,4
32,52,7
32,53,10
32,54,13
32,55,25
32,56,29
32,57,39
32,58,40
32,59,44
32,60,72
32,61,99
32,62,149
32,63,151
32,64,221
32,65,250
32,66,335
32,67,390
32,68,483
32,69,575
32,70,702
32,71,875
32,72,1009
32,73,1207
32,74,1337
32,75,1657
32,76,1809
32,77,2054
32,78,2239
32,79,2458
32,80,2560
32,81,2796
32,82,2666
32,83,2744
32,84,2771
32,85,2618
32,86,2450
32,87,2304
32,88,2071
32,89,1865
32,90,1577
32,91,1345
32,92,1008
32,93,786
32,94,629
32,95,449
32,96,353
32,97,232
32,98,167
32,99,98
32,100,74
32,101,62
32,102,37
32,103,18
32,104,5
32,105,9
32,106,6
32,107,2
32,108,1
32,109,0
32,110,0
32,111,0
32,112,0
32,113,0
32,114,0
32,115,0
32,116,0
32,117,0
32,118,0
32,119,0
32,120,0
32,121,0
32,122,0
32,123,0
32,124,0
32,125,0
32,126,0
32,127,0
32,128,0
32,129,0
32,130,0
32,131,0
32,132,0
32,133,0
32,134,0
32,135,0
32,136,0
32,137,0
32,138,0
32,139,0
32,140,0
32,141,0
32,142,0
32,143,0
32,144,0
32,145,0
32,146,0
33,0,0
33,1,0
33,2,0
33,3,0
33,4,0
33,5,0
33,6,0
33,7,0
33,8,0
33,9,0
33,10,0
33,11,0
33,12,0
33,13,0
33,14,0
33,15,0
33,16,0
33,17,0
33,18,0
33,19,0
33,20,0
33,21,0
33,22,0
33,23,0
33,24,0
33,25,0
33,26,0
33,27,0
33,28,0
33,29,0
33,30,0
33,31,0
33,32,0
33,33,0
33,34,0
33,35,0
33,36,0
33,37,0
33,38,0
33,39,0
33,40,0
33,41,1
33,42,1
33,43,0
33,44,0
33,45,1
33,46,3
33,47,1
33,48,1
33,49,4
33,50,4
33,51,4
33,52,11
33,53,7
33,54,10
33,55,17
33,56,28
33,57,37
33,58,51
33,59,62
33,60,67
33,61,106
33,62,117
33,63,138
33,64,203
33,65,246
33,66,274
33,67,393
33,68,499
33,69,567
33,70,740
33,71,796
33,72,1004
33,73,1144
33,74,1401
33,75,1555
33,76,1851
33,77,2084
33,78,2224
33,79,2455
33,80,2713
33,81,2669
33,82,2814
33,83,2763
33,84,2798
33,85,2753
33,86,2501
33,87,2330
33,88,2087
33,89,1781
33,90,1490
33,91,1284
33,92,995
33,93,794
33,94,604
33,95,471
33,96,339
33,97,245
33,98,160
33,99,120
33,100,69
33,101,53
33,102,36
33,103,12
33,104,4
33,105,3
33,106,3
33,107,0
33,108,1
33,109,1
33,110,0
33,111,0
33,112,0
33,113,0
33,114,0
33,115,0
33,116,0
33,117,0
33,118,0
33,119,0
33,120,0
33,121,0
33,122,0
33,123,0
33,124,0
33,125,0
33,126,0
33,127,0
33,128,0
33,129,0
33,130,0
33,131,0
33,132,0
33,133,0
33,134,0
33,135,0
33,136,0
33,137,0
33,138,0
33,139,0
33,140,0
33,141,0
33,142,0
33,143,0
33,144,0
33,145,0
33,146,0
34,0,0
34,1,0
34,2,0
34,3,0
34,4,0
34,5,0
34,6,0
34,7,0
34,8,0
34,9,0
34,10,0
34,11,0
34,12,0
34,13,0
34,14,0
34,15,0
34,16,0
34,17,0
34,18,0
34,19,0
34,20,0
34,21,0
34,22,0
34,23,0
34,24,0
34,25,0
34,26,0
34,27,0
34,28,0
34,29,0
34,30,0
34,31,0
34,32,0
34,33,0
34,34,0
34,35,0
34,36,0
34,37,0
34,38,1
34,39,0
34,40,0
34,41,0
34,42,0
34,43,0
34,44,0
34,45,0
34,46,1
34,47,1
34,48,4
34,49,3
34,50,5
34,51,4
34,52,11
34,53,11
34,54,17
34,55,15
34,56,27
34,57,32
34,58,54
34,59,43
34,60,75
34,61,80
34,62,136
34,63,163
34,64,192
34,65,261
34,66,283
34,67,382
34,68,462
34,69,553
34,70,771
34,71,817
34,72,999
34,73,1202
34,74,1390
34,75,1600
34,76,1747
34,77,2026
34,78,2294
34,79,2474
34,80,2627
34,81,2662
34,82,2943
34,83,2844
34,84,2818
34,85,2593
34,86,2456
34,87,2333
34,88,2117
34,89,1750
34,90,1509
34,91,1309
34,92,1001
34,93,794
34,94,598
34,95,452
34,96,309
34,97,256
34,98,155
34,99,117
34,100,82
34,101,56
34,102,39
34,103,23
34,104,8
34,105,3
34,106,4
34,107,3
34,108,2
34,109,0
34,110,1
34,111,0
34,112,0
34,113,0
34,114,0
34,115,0
34,116,0
34,117,0
34,118,0
34,119,0
34,120,0
34,121,0
34,122,0
34,123,0
34,124,0
34,125,0
34,126,0
34,127,0
34,128,0
34,129,0
34,130,0
34,131,0
34,132,0
34,133,0
34,134,0
34,135,0
34,136,0
34,137,0
34,138,0
34,139,0
34,140,0
34,141,0
34,142,0
34,143,0
34,144,0
34,145,0
34,146,0
35,0,0
35,1,0
35,2,0
35,3,0
35,4,0
35,5,0
35,6,0
35,7,0
35,8,0
35,9,0
35,10,0
35,11,0
35,12,0
35,13,0
35,14,0
35,15,0
35,16,0
35,17,0
35,18,0
35,19,0
35,20,0
35,21,0
35,22,0
35,23,0
35,24,0
35,25,0
35,26,0
35,27,0
35,28,0
35,29,0
35,30,0
35,31,0
35,32,0
35,33,0
35,34,0
35,35,0
35,36,0
35,37,0
35,38,0
35,39,0
35,40,0
35,41,0
35,42,1
35,43,0
35,44,0
35,45,1
35,46,0
35,47,4
35,48,4
35,49,10
35,50,3
35,51,4
35,52,12
35,53,12
35,54,21
35,55,23
35,56,24
35,57,27
35,58,52
35,59,51
35,60,76
35,61,91
35,62,131
35,63,159
35,64,208
35,65,259
35,66,319
35,67,405
35,68,507
35,69,561
35,70,682
35,71,821
35,72,1036
35,73,1110
35,74,1334
35,75,1583
35,76,1768
35,77,2002
35,78,2246
35,79,2357
35,80,2691
35,81,2713
35,82,2845
35,83,2843
35,84,2762
35,85,2667
35,86,2548
35,87,2313
35,88,2050
35,89,1828
35,90,1588
35,91,1262
35,92,976
35,93,868
35,94,625
35,95,413
35,96,352
35,97,262
35,98,179
35,99,126
35,100,82
35,101,41
35,102,30
35,103,11
35,104,13
35,105,5
35,106,1
35,107,1
35,108,1
35,109,0
35,110,0
35,111,0
35,112,0
35,113,0
35,114,0
35,115,0
35,116,0
35,117,0
35,118,0
35,119,0
35,120,0
35,121,0
35,122,0
35,123,0
35,124,0
35,125,0
35,126,0
35,127,0
35,128,0
35,129,0
35,130,0
35,131,0
35,132,0
35,133,0
35,134,0
35,135,0
35,136,0
35,137,0
35,138,0
35,139,0
35,140,0
35,141,0
35,142,0
35,143,0
35,144,0
35,145,0
35,146,0
36,0,0
36,1,0
36,2,0
36,3,0
36,4,0
36,5,0
36,6,0
36,7,0
36,8,0
36,9,0
36,10,0
36,11,0
36,12,0
36,13,0
36,14,0
36,15,0
36,16,0
36,17,0
36,18,0
36,19,0
36,20,0
36,21,0
36,22,0
36,23,0
36,24,0
36,25,0
36,26,0
36,27,0
36,28,0
36,29,0
36,30,0
36,31,0
36,32,0
36,33,0
36,34,0
36,35,0
36,36,0
36,37,0
36,38,0
36,39,0
36,40,0
36,41,0
36,42,0
36,43,0
36,44,1
36,45,1
36,46,1
36,47,1
36,48,0
36,49,1
36,50,2
36,51,5
36,52,8
36,53,12
36,54,18
36,55,19
36,56,29
36,57,36
36,58,32
36,59,54
36,60,60
36,61,80
36,62,128
36,63,145
36,64,172
36,65,263
36,66,330
36,67,411
36,68,461
36,69,609
36,70,683
36,71,880
36,72,1014
36,73,1162
36,74,1369
36,75,1561
36,76,1807
36,77,2030
36,78,2188
36,79,2413
36,80,2542
36,81,2734
36,82,2757
36,83,2812
36,84,2841
36,85,2748
36,86,2541
36,87,2331
36,88,2117
36,89,1891
36,90,1546
36,91,1230
36,92,1010
36,93,763
36,94,601
36,95,499
36,96,340
36,97,231
36,98,178
36,99,106
36,100,81
36,101,46
36,102,30
36,103,16
36,104,7
36,105,8
36,106,4
36,107,3
36,108,0
36,109,0
36,110,1
36,111,0
36,112,0
36,113,0
36,114,0
36,115,0
36,116,0
36,117,0
36,118,0
36,119,0
36,120,0
36,121,0
36,122,0
36,123,0
36,124,0
36,125,0
36,126,0
36,127,0
36,128,0
36,129,0
36,130,0
36,131,0
36,132,0
36,133,0
36,134,0
36,135,0
36,136,0
36,137,0
36,138,0
36,139,0
36,140,0
36,141,0
36,142,0
36,143,0
36,144,0
36,145,0
36,146,0
37,0,0
37,1,0
37,2,0
37,3,0
37,4,0
37,5,0
37,6,0
37,7,0
37,8,0
37,9,0
37,10,0
37,11,0
37,12,0
37,13,0
37,14,0
37,15,0
37,16,0
37,17,0
37,18,0
37,19,0
37,20,0
37,21,0
37,22,0
37,23,0
37,24,0
37,25,0
37,26,0
37,27,0
37,28,0
37,29,0
37,30,0
37,31,0
37,32,0
37,33,0
37,34,0
37,35,0
37,36,0
37,37,0
37,38,0
37,39,1
37,40,0
37,41,0
37,42,0
37,43,0
37,44,0
37,45,2
37,46,3
37,47,6
37,48,4
37,49,2
37,50,3
37,51,9
37,52,10
37,53,15
37,54,17
37,55,23
37,56,19
37,57,26
37,58,43
37,59,57
37,60,51
37,61,96
37,62,110
37,63,164
37,64,218
37,65,266
37,66,314
37,67,371
37,68,447
37,69,590
37,70,692
37,71,828
37,72,1043
37,73,1192
37,74,1356
37,75,1490
37,76,1727
37,77,1966
37,78,2206
37,79,2482
37,80,2679
37,81,2719
37,82,2777
37,83,2896
37,84,2796
37,85,2692
37,86,2486
37,87,2345
37,88,2144
37,89,1810
37,90,1533
37,91,1340
37,92,1012
37,93,756
37,94,660
37,95,474
37,96,315
37,97,241
37,98,170
37,99,109
37,100,64
37,101,64
37,102,25
37,103,20
37,104,11
37,105,5
37,106,5
37,107,2
37,108,1
37,109,0
37,110,0
37,111,0
37,112,0
37,113,0
37,114,0
37,115,0
37,116,0
37,117,0
37,118,0
37,119,0
37,120,0
37,121,0
37,122,0
37,123,0
37,124,0
37,125,0
37,126,0
37,127,0
37,128,0
37,129,0
37,130,0
37,131,0
37,132,0
37,133,0
37,134,0
37,135,0
37,136,0
37,137,0
37,138,0
37,139,0
37,140,0
37,141,0
37,142,0
37,143,0
37,144,0
37,145,0
37,146,0
38,0,0
38,1,0
38,2,0
38,3,0
38,4,0
38,5,0
38,6,0
38,7,0
38,8,0
38,9,0
38,10,0
38,11,0
38,12,0
38,13,0
38,14,0
38,15,0
38,16,0
38,17,0
38,18,0
38,19,0
38,20,0
38,21,0
38,22,0
38,23,0
38,24,0
38,25,0
38,26,0
38,27,0
38,28,0
38,29,0
38,30,0
38,31,0
38,32,0
38,33,0
38,34,0
38,35,0
38,36,0
38,37,0
38,38,0
38,39,0
38,40,0
38,41,0
38,42,0
38,43,0
38,44,1
38,45,0
38,46,1
38,47,2
38,48,2
38,49,2
38,50,4
38,51,9
38,52,8
38,53,9
38,54,17
38,55,29
38,56,27
38,57,34
38,58,47
38,59,59
38,60,76
38,61,102
38,62,104
38,63,158
38,64,187
38,65,237
38,66,319
38,67,369
38,68,476
38,69,601
38,70,631
38,71,830
38,72,1010
38,73,1253
38,74,1433
38,75,1587
38,76,1729
38,77,2039
38,78,2284
38,79,2383
38,80,2572
38,81,2727
38,82,2781
38,83,2838
38,84,2746
38,85,2800
38,86,2527
38,87,2366
38,88,2017
38,89,1798
38,90,1603
38,91,1182
38,92,1055
38,93,866
38,94,613
38,95,458
38,96,309
38,97,232
38,98,163
38,99,94
38,100,82
38,101,41
38,102,23
38,103,24
38,104,11
38,105,7
38,106,4
38,107,2
38,108,0
38,109,0
38,110,0
38,111,0
38,112,0
38,113,0
38,114,0
38,115,0
38,116,0
38,117,0
38,118,0
38,119,0
38,120,0
38,121,0
38,122,0
38,123,0
38,124,0
38,125,0
38,126,0
38,127,0
38,128,0
38,129,0
38,130,0
38,131,0
38,132,0
38,133,0
38,134,0
38,135,0
38,136,0
38,137,0
38,138,0
38,139,0
38,140,0
38,141,0
38,142,0
38,143,0
38,144,0
38,145,0
38,146,0
39,0,0
39,1,0
39,2,0
39,3,0
39,4,0
39,5,0
39,6,0
39,7,0
39,8,0
39,9,0
39,10,0
39,11,0
39,12,0
39,13,0
39,14,0
39,15,0
39,16,0
39,17,0
39,18,0
39,19,0
39,20,0
39,21,0
39,22,0
39,23,0
39,24,0
39,25,0
39,26,0
39,27,0
39,28,0
39,29,0
39,30,0
39,31,0
39,32,0
39,33,0
39,34,0
39,35,0
39,36,0
39,37,0
39,38,0
39,39,0
39,40,0
39,41,0
39,42,1
39,43,1
39,44,0
39,45,0
39,46,1
39,47,4
39,48,1
39,49,5
39,50,11
39,51,5
39,52,10
39,53,9
39,54,12
39,55,26
39,56,26
39,57,34
39,58,46
39,59,49
39,60,74
39,61,99
39,62,109
39,63,154
39,64,191
39,65,239
39,66,291
39,67,424
39,68,456
39,69,592
39,70,705
39,71,848
39,72,983
39,73,1148
39,74,1356
39,75,1610
39,76,1724
39,77,2018
39,78,2128
39,79,2563
39,80,2689
39,81,2690
39,82,2819
39,83,2836
39,84,2827
39,85,2665
39,86,2472
39,87,2283
39,88,2070
39,89,1902
39,90,1511
39,91,1308
39,92,983
39,93,812
39,94,623
39,95,440
39,96,354
39,97,251
39,98,173
39,99,151
39,100,75
39,101,46
39,102,36
39,103,11
39,104,10
39,105,7
39,106,2
39,107,1
39,108,0
39,109,0
39,110,0
39,111,0
39,112,0
39,113,0
39,114,0
39,115,0
39,116,0
39,117,0
39,118,0
39,119,0
39,120,0
39,121,0
39,122,0
39,123,0
39,124,0
39,125,0
39,126,0
39,127,0
39,128,0
39,129,0
39,130,0
39,131,0
39,132,0
39,133,0
39,134,0
39,135,0
39,136,0
39,137,0
39,138,0
39,139,0
39,140,0
39,141,0
39,142,0
39,143,0
39,144,0
39,145,0
39,146,0
