a1,b1,a2,b2,N,channel,sector,cos4_first,cos4_second,delta_cos4_first_minus_second,first_estimate,first_batch_se,second_estimate,second_batch_se,difference_first_minus_second,difference_batch_se,difference_z,normalized_by_delta_cos4,normalized_batch_se,hypothesis_N_exponent,hypothesis_scaled_amplitude,hypothesis_scaled_batch_se
8,1,7,4,65,either,primal,0.8788165680473373,-0.48449704142011835,1.3633136094674556,0.6871069666666667,9.296423577758218e-05,0.6863706333333333,8.218506732918098e-05,0.0007363333333333296,9.914585690597073e-05,7.426768564133378,0.0005401056134259232,7.272417455342471e-05,1.0,0.035106864872685,0.004727071345972606
8,1,7,4,65,either,matching,0.8788165680473373,-0.48449704142011835,1.3633136094674556,0.6862326,9.95406659651766e-05,0.6865000333333333,8.428734135901415e-05,-0.0002674333333333297,0.0001031016512459539,-2.593880215316385,-0.00019616420717592328,7.562577717259639e-05,1.0,-0.012750673466435013,0.004915675516218765
8,1,7,4,65,either,even,0.8788165680473373,-0.48449704142011835,1.3633136094674556,0.6866697833333333,4.6134212776550843e-05,0.6864353333333334,3.686141910528868e-05,0.00023445000000000087,5.600193915629515e-05,4.186462174919999,0.00017197070312500065,4.107781127349775e-05,1.0,0.011178095703125043,0.0026700577327773535
8,1,7,4,65,either,odd,0.8788165680473373,-0.48449704142011835,1.3633136094674556,0.00043718333333333436,8.453981942693153e-05,-6.469999999999531e-05,7.463649498858274e-05,0.0005018833333333296,8.422415643011953e-05,5.958900090020378,0.00036813491030092323,6.17790036314679e-05,1.625,0.3250807164049221,0.05455381219586959
8,1,7,4,65,either,matching_function,0.8788165680473373,-0.48449704142011835,1.3633136094674556,0.0008743666666666687,0.00016907963885386305,-0.00012939999999999062,0.00014927298997716547,0.0010037666666666593,0.00016844831286023907,5.958900090020378,0.0007362698206018465,0.0001235580072629358,1.625,0.6501614328098442,0.10910762439173918
8,1,7,4,65,cross,primal,0.8788165680473373,-0.48449704142011835,1.3633136094674556,0.3137674,9.954066596517743e-05,0.3134999666666667,8.428734135901445e-05,0.0002674333333333334,0.00010310165124595335,2.5938802153164344,0.00019616420717592597,7.5625777172596e-05,1.0,0.012750673466435188,0.00491567551621874
8,1,7,4,65,cross,matching,0.8788165680473373,-0.48449704142011835,1.3633136094674556,0.31289303333333335,9.296423577758292e-05,0.31362936666666663,8.218506732918133e-05,-0.0007363333333333296,9.914585690597284e-05,-7.42676856413322,-0.0005401056134259232,7.272417455342626e-05,1.0,-0.035106864872685,0.0047270713459727064
8,1,7,4,65,cross,even,0.8788165680473373,-0.48449704142011835,1.3633136094674556,0.31333021666666666,4.613421277655346e-05,0.31356466666666666,3.686141910528843e-05,-0.00023445000000000087,5.60019391562975e-05,-4.186462174919824,-0.00017197070312500065,4.107781127349947e-05,1.0,-0.011178095703125043,0.0026700577327774654
8,1,7,4,65,cross,odd,0.8788165680473373,-0.48449704142011835,1.3633136094674556,0.0004371833333333306,8.453981942693211e-05,-6.470000000000087e-05,7.463649498858329e-05,0.0005018833333333315,8.42241564301203e-05,5.958900090020346,0.0003681349103009246,6.177900363146845e-05,1.625,0.32508071640492325,0.054553812195870084
8,1,7,4,65,cross,matching_function,0.8788165680473373,-0.48449704142011835,1.3633136094674556,0.0008743666666666612,0.00016907963885386422,-0.00012940000000000174,0.00014927298997716659,0.001003766666666663,0.0001684483128602406,5.958900090020346,0.0007362698206018492,0.0001235580072629369,1.625,0.6501614328098465,0.10910762439174017
9,2,7,6,85,either,primal,0.6412456747404844,-0.9532179930795848,1.5944636678200692,0.6876296666666666,7.770941332310148e-05,0.6872385,8.159510931671538e-05,0.0003911666666666776,0.00010155053615612656,3.8519409298370153,0.0002453280526620439,6.368946386527903e-05,1.0,0.02085288447627373,0.005413604428548717
9,2,7,6,85,either,matching,0.6412456747404844,-0.9532179930795848,1.5944636678200692,0.6872316,9.061084356605207e-05,0.6876007666666666,6.809719029299486e-05,-0.00036916666666666673,9.723513688772411e-05,-3.7966385247437633,-0.0002315303096064815,6.098297430675406e-05,1.0,-0.01968007631655093,0.005183552816074095
9,2,7,6,85,either,even,0.6412456747404844,-0.9532179930795848,1.5944636678200692,0.6874306333333333,4.054455571487732e-05,0.6874196333333333,4.5823284774175905e-05,1.0999999999999898e-05,6.01244472119482e-05,0.18295386502637032,6.898871527777714e-06,3.770825790853522e-05,1.0,0.0005864040798611057,0.0032052019222254934
9,2,7,6,85,either,odd,0.6412456747404844,-0.9532179930795848,1.5944636678200692,0.0001990333333333381,7.403160100436395e-05,-0.00018113333333333407,5.956274983249357e-05,0.00038016666666667215,7.917475902737712e-05,4.801614445523197,0.0002384291811342627,4.965604461569442e-05,1.625,0.3255855796494571,0.067807522520476
9,2,7,6,85,either,matching_function,0.6412456747404844,-0.9532179930795848,1.5944636678200692,0.0003980666666666762,0.0001480632020087279,-0.00036226666666666814,0.00011912549966498714,0.0007603333333333443,0.00015834951805475424,4.801614445523197,0.0004768583622685254,9.931208923138884e-05,1.625,0.6511711592989142,0.135615045040952
9,2,7,6,85,cross,primal,0.6412456747404844,-0.9532179930795848,1.5944636678200692,0.3127684,9.061084356605109e-05,0.3123992333333333,6.809719029299482e-05,0.0003691666666666649,9.72351368877234e-05,3.7966385247437717,0.00023153030960648037,6.098297430675361e-05,1.0,0.019680076316550832,0.0051835528160740565
9,2,7,6,85,cross,matching,0.6412456747404844,-0.9532179930795848,1.5944636678200692,0.3123703333333333,7.770941332310218e-05,0.31276149999999997,8.159510931671537e-05,-0.00039116666666666927,0.00010155053615612761,-3.8519409298368936,-0.0002453280526620387,6.368946386527969e-05,1.0,-0.02085288447627329,0.0054136044285487735
9,2,7,6,85,cross,even,0.6412456747404844,-0.9532179930795848,1.5944636678200692,0.3125693666666667,4.054455571487701e-05,0.31258036666666666,4.582328477417651e-05,-1.1000000000002675e-05,6.012444721194861e-05,-0.18295386502641525,-6.898871527779455e-06,3.7708257908535476e-05,1.0,-0.0005864040798612537,0.0032052019222255155
9,2,7,6,85,cross,odd,0.6412456747404844,-0.9532179930795848,1.5944636678200692,0.00019903333333333347,7.403160100436338e-05,-0.0001811333333333336,5.9562749832494046e-05,0.00038016666666666705,7.91747590273773e-05,4.801614445523122,0.0002384291811342595,4.965604461569453e-05,1.625,0.3255855796494527,0.06780752252047616
9,2,7,6,85,cross,matching_function,0.6412456747404844,-0.9532179930795848,1.5944636678200692,0.00039806666666666695,0.00014806320200872676,-0.0003622666666666672,0.00011912549966498809,0.0007603333333333341,0.0001583495180547546,4.801614445523122,0.000476858362268519,9.931208923138906e-05,1.625,0.6511711592989055,0.13561504504095231
12,1,9,8,145,either,primal,0.9452080856123662,-0.9725089179548156,1.9177170035671818,0.6888011666666666,9.205148757814008e-05,0.6885367333333333,0.00010544411288270095,0.0002644333333333304,0.00011131764588892651,2.3754844186804287,0.00013788965360449584,5.8046961924967265e-05,1.0,0.019993999772651896,0.008416809479120253
12,1,9,8,145,either,matching,0.9452080856123662,-0.9725089179548156,1.9177170035671818,0.6885068000000001,9.209667237282198e-05,0.6885710333333334,9.016702006050432e-05,-6.423333333333373e-05,0.00011807278318079987,-0.5440147306003277,-3.349468832671979e-05,6.156945105099993e-05,1.0,-0.004856729807374369,0.00892757040239499
12,1,9,8,145,either,even,0.9452080856123662,-0.9725089179548156,1.9177170035671818,0.6886539833333334,4.769951551748443e-05,0.6885538833333332,4.270994731689259e-05,0.00010009999999999372,6.016374877504458e-05,1.6637925999969332,5.219748263888562e-05,3.1372589732026597e-05,1.0,0.0075686349826384145,0.004549025511143856
12,1,9,8,145,either,odd,0.9452080856123662,-0.9725089179548156,1.9177170035671818,0.00014718333333333297,7.875527241489934e-05,-1.714999999999911e-05,8.831838214264258e-05,0.00016433333333333206,9.770733616515004e-05,1.6818934972862967,8.56921709656078e-05,5.0949820011713286e-05,1.625,0.2787174431062547,0.16571646394730702
12,1,9,8,145,either,matching_function,0.9452080856123662,-0.9725089179548156,1.9177170035671818,0.00029436666666666594,0.00015751054482979868,-3.429999999999822e-05,0.00017663676428528516,0.0003286666666666641,0.00019541467233030009,1.6818934972862967,0.0001713843419312156,0.00010189964002342657,1.625,0.5574348862125094,0.33143292789461404
12,1,9,8,145,cross,primal,0.9452080856123662,-0.9725089179548156,1.9177170035671818,0.3114932,9.209667237282186e-05,0.3114289666666667,9.016702006050409e-05,6.423333333333651e-05,0.0001180727831808002,0.5440147306003495,3.349468832672124e-05,6.156945105100012e-05,1.0,0.004856729807374579,0.008927570402395018
12,1,9,8,145,cross,matching,0.9452080856123662,-0.9725089179548156,1.9177170035671818,0.3111988333333333,9.205148757813938e-05,0.3114632666666666,0.0001054441128827,-0.00026443333333333317,0.00011131764588892617,-2.3754844186804607,-0.00013788965360449727,5.804696192496709e-05,1.0,-0.019993999772652104,0.008416809479120229
12,1,9,8,145,cross,even,0.9452080856123662,-0.9725089179548156,1.9177170035671818,0.31134601666666667,4.769951551748318e-05,0.31144611666666666,4.270994731689197e-05,-0.00010009999999999464,6.0163748775044274e-05,-1.663792599996957,-5.21974826388861e-05,3.1372589732026434e-05,1.0,-0.007568634982638485,0.004549025511143833
12,1,9,8,145,cross,odd,0.9452080856123662,-0.9725089179548156,1.9177170035671818,0.0001471833333333362,7.875527241489931e-05,-1.7149999999998648e-05,8.831838214264225e-05,0.00016433333333333485,9.770733616515012e-05,1.6818934972863238,8.569217096560927e-05,5.094982001171333e-05,1.625,0.27871744310625945,0.16571646394730716
12,1,9,8,145,cross,matching_function,0.9452080856123662,-0.9725089179548156,1.9177170035671818,0.0002943666666666724,0.00015751054482979863,-3.4299999999997297e-05,0.0001766367642852845,0.0003286666666666697,0.00019541467233030025,1.6818934972863238,0.00017138434193121854,0.00010189964002342667,1.625,0.5574348862125189,0.3314329278946143
