n,a,b,orientation,batch,samples,sum_kminus,sum_kplus,sum_kminus2,sum_kplus2,sum_product,sum_gap,sum_gap2
425,16,13,first,0,20000,4861247,5228277,1186345047,1371297727,1273198246,367030,11246282
425,19,8,second,0,20000,4859785,5228935,1185638281,1371557575,1272887264,369150,11421328
425,16,13,first,1,20000,4860759,5232886,1186238923,1373778650,1274177705,372127,11662163
425,19,8,second,1,20000,4858375,5229510,1185019707,1371997296,1272746132,371135,11524739
425,16,13,first,2,20000,4861927,5229281,1186750099,1371815187,1273605693,367354,11353900
425,19,8,second,2,20000,4861528,5237308,1186664404,1376137916,1275533044,375780,11736232
425,16,13,first,3,20000,4862432,5232251,1187003976,1373419661,1274468069,369819,11487499
425,19,8,second,3,20000,4862086,5229852,1186734172,1372053852,1273744952,367766,11298120
425,16,13,first,4,20000,4862941,5232925,1187347853,1373812631,1274798463,369984,11563558
425,19,8,second,4,20000,4856248,5227414,1183943950,1370852014,1271675955,371166,11444054
425,16,13,first,5,20000,4857331,5227136,1184561823,1370718266,1271931920,369805,11416249
425,19,8,second,5,20000,4861361,5230940,1186511473,1372810280,1273956004,369579,11409745
425,16,13,first,6,20000,4861632,5231754,1186607278,1373134472,1274167453,370122,11406844
425,19,8,second,6,20000,4859049,5229488,1185288847,1371863188,1272861161,370439,11429713
425,16,13,first,7,20000,4859650,5230581,1185667652,1372545943,1273354273,370931,11505049
425,19,8,second,7,20000,4862360,5231123,1186991240,1372730491,1274158920,368763,11403891
425,16,13,first,8,20000,4859871,5233627,1185850503,1374086753,1274125111,373756,11687034
425,19,8,second,8,20000,4859024,5233357,1185333414,1373903433,1273734357,374333,11768133
425,16,13,first,9,20000,4861929,5233927,1186708807,1374281521,1274735242,371998,11519844
425,19,8,second,9,20000,4862927,5227424,1187252231,1370854192,1273468028,364497,11170367
425,16,13,first,10,20000,4860279,5231619,1185914401,1372971525,1273680862,371340,11524202
425,19,8,second,10,20000,4859198,5229188,1185401998,1371725320,1272861214,369990,11404890
425,16,13,first,11,20000,4864407,5228373,1187955847,1371317305,1274065206,363966,11142740
425,19,8,second,11,20000,4857872,5227097,1184804420,1370733153,1272071463,369225,11394647
425,16,13,first,12,20000,4857530,5229484,1184617928,1371885264,1272447199,371954,11608794
425,19,8,second,12,20000,4859223,5230032,1185390505,1372292178,1273098849,370809,11484985
425,16,13,first,13,20000,4857643,5229089,1184666825,1371692973,1272427153,371446,11505492
425,19,8,second,13,20000,4863108,5229257,1187335158,1371789605,1273957036,366149,11210691
425,16,13,first,14,20000,4862496,5236683,1187003930,1375679757,1275493050,374187,11697587
425,19,8,second,14,20000,4862211,5230834,1186843247,1372684730,1274054496,368623,11418985
425,16,13,first,15,20000,4856632,5227350,1184219978,1370809234,1271783617,370718,11461978
425,19,8,second,15,20000,4861923,5230269,1186627925,1372351969,1273810554,368346,11358786
425,16,13,first,16,20000,4860755,5231021,1186213343,1372742135,1273729267,370266,11496944
425,19,8,second,16,20000,4859148,5230954,1185319930,1372671696,1273177489,371806,11636648
425,16,13,first,17,20000,4860348,5229223,1185985624,1371801953,1273204548,368875,11378481
425,19,8,second,17,20000,4855657,5228258,1183652997,1371357964,1271690159,372601,11630643
425,16,13,first,18,20000,4858441,5228888,1185063975,1371639164,1272591880,370447,11519379
425,19,8,second,18,20000,4858552,5227285,1185128640,1370742675,1272258482,368733,11354351
425,16,13,first,19,20000,4863059,5234516,1187205337,1374564348,1275119331,371457,11531023
425,19,8,second,19,20000,4860281,5233958,1185971395,1374290578,1274296022,373677,11669929
425,16,13,first,20,20000,4859997,5232164,1185830301,1373375672,1273809238,372167,11587497
425,19,8,second,20,20000,4861009,5233118,1186244833,1373749310,1274230794,372109,11532555
425,16,13,first,21,20000,4860931,5232397,1186281251,1373395659,1274046064,371466,11584782
425,19,8,second,21,20000,4862541,5234319,1187018535,1374428529,1274960867,371778,11525330
425,16,13,first,22,20000,4862362,5231614,1186880256,1373033900,1274235759,369252,11442638
425,19,8,second,22,20000,4861213,5232236,1186388131,1373407342,1274110000,371023,11575473
425,16,13,first,23,20000,4863096,5229799,1187220678,1372111881,1274040124,366703,11252311
425,19,8,second,23,20000,4860889,5226821,1186151027,1370481867,1272724858,365932,11183178
425,16,13,first,24,20000,4859732,5230962,1185708428,1372708320,1273391689,371230,11633370
425,19,8,second,24,20000,4860081,5232460,1185857675,1373501490,1273820656,372379,11717853
425,16,13,first,25,20000,4861882,5229716,1186668260,1372057294,1273697018,367834,11331518
425,19,8,second,25,20000,4859246,5229464,1185454898,1371942522,1272938283,370218,11520854
425,16,13,first,26,20000,4862125,5232045,1186849005,1373266481,1274359239,369920,11397008
425,19,8,second,26,20000,4858366,5232813,1185142532,1373758049,1273562318,374447,11775945
425,16,13,first,27,20000,4862798,5233094,1187131894,1373836448,1274723555,370296,11521232
425,19,8,second,27,20000,4857227,5230643,1184478775,1372600343,1272710901,373416,11657316
425,16,13,first,28,20000,4858008,5228927,1184757578,1371588701,1272435194,370919,11475891
425,19,8,second,28,20000,4859830,5230276,1185751430,1372361056,1273295206,370446,11522074
425,16,13,first,29,20000,4860326,5231898,1185927716,1373270702,1273823974,371572,11550470
425,19,8,second,29,20000,4861888,5232829,1186692172,1373765481,1274487254,370941,11483145
425,16,13,first,30,20000,4856754,5230116,1184201806,1372319230,1272439986,373362,11641064
425,19,8,second,30,20000,4861697,5227676,1186651477,1370992164,1273195984,365979,11251673
425,16,13,first,31,20000,4861653,5231302,1186632127,1372909772,1274036228,369649,11469443
425,19,8,second,31,20000,4859909,5228027,1185799849,1371233725,1272836789,368118,11359996
425,16,13,first,32,20000,4859187,5228732,1185452517,1371594886,1272790653,369545,11466097
425,19,8,second,32,20000,4857280,5230847,1184518346,1372635759,1272781068,373567,11591969
425,16,13,first,33,20000,4860669,5232150,1186214311,1373369014,1273937219,371481,11708887
425,19,8,second,33,20000,4859946,5231673,1185778058,1373071707,1273659907,371727,11529951
425,16,13,first,34,20000,4856755,5228380,1184236217,1371326782,1271986497,371625,11590005
425,19,8,second,34,20000,4859450,5229972,1185500502,1372205122,1273123615,370522,11458394
425,16,13,first,35,20000,4860198,5229359,1185823164,1371798221,1273086894,369161,11447597
425,19,8,second,35,20000,4858346,5230346,1184936576,1372458016,1272880103,372000,11634386
425,16,13,first,36,20000,4859561,5232744,1185636341,1373663282,1273878260,373183,11543103
425,19,8,second,36,20000,4861053,5230104,1186231897,1372293896,1273571225,369051,11383343
425,16,13,first,37,20000,4859854,5232259,1185752496,1373400555,1273792643,372405,11567765
425,19,8,second,37,20000,4860359,5232266,1186094357,1373393712,1273969798,371907,11548473
425,16,13,first,38,20000,4858645,5230117,1185081887,1372255277,1272893589,371472,11549986
425,19,8,second,38,20000,4860279,5229602,1186051045,1371913628,1273278382,369323,11407909
425,16,13,first,39,20000,4860002,5228864,1185814194,1371571760,1272978942,368862,11428070
425,19,8,second,39,20000,4860060,5231609,1185840776,1373043473,1273634392,371549,11615465
425,16,13,first,40,20000,4856728,5231591,1184232080,1373017007,1272726384,374863,11796319
425,19,8,second,40,20000,4859256,5232691,1185549872,1373633093,1273782399,373435,11618167
425,16,13,first,41,20000,4859271,5229163,1185431203,1371719503,1272880455,369892,11389796
425,19,8,second,41,20000,4857305,5230351,1184553739,1372419453,1272675016,373046,11623160
425,16,13,first,42,20000,4857698,5226918,1184717206,1370656464,1271984343,369220,11404984
425,19,8,second,42,20000,4860628,5230191,1186120398,1372311339,1273483231,369563,11465275
425,16,13,first,43,20000,4859551,5231142,1185553547,1372872416,1273450579,371591,11524805
425,19,8,second,43,20000,4861741,5230088,1186642649,1372225486,1273783949,368347,11300237
425,16,13,first,44,20000,4859840,5228279,1185701308,1371274195,1272808394,368439,11358715
425,19,8,second,44,20000,4863282,5232160,1187333624,1373309548,1274655832,368878,11331508
425,16,13,first,45,20000,4856703,5227196,1184166435,1370645388,1271700880,370493,11410063
425,19,8,second,45,20000,4859834,5231373,1185721816,1372844447,1273529737,371539,11506789
425,16,13,first,46,20000,4859962,5231085,1185825014,1372829531,1273544743,371123,11565059
425,19,8,second,46,20000,4862693,5231424,1187141629,1372927632,1274325220,368731,11418821
425,16,13,first,47,20000,4862351,5234162,1186943247,1374416634,1274869416,371811,11621049
425,19,8,second,47,20000,4861065,5231853,1186302149,1373072831,1273938192,370788,11498596
425,16,13,first,48,20000,4856901,5230583,1184275091,1372533871,1272582244,373682,11644474
425,19,8,second,48,20000,4861979,5230354,1186732433,1372345692,1273835345,368375,11407435
425,16,13,first,49,20000,4856742,5227571,1184272498,1370914671,1271844637,370829,11497895
425,19,8,second,49,20000,4860880,5231479,1186256796,1372991181,1273887213,370599,11473551
425,16,13,first,50,20000,4859753,5230457,1185606869,1372397231,1273264645,370704,11474810
425,19,8,second,50,20000,4863581,5227705,1187520095,1370955875,1273627834,364124,11220302
425,16,13,first,51,20000,4862299,5234920,1186851407,1374806574,1274997053,372621,11663875
425,19,8,second,51,20000,4858919,5231183,1185301477,1372795513,1273228376,372264,11640238
425,16,13,first,52,20000,4857406,5228160,1184528302,1371244054,1272138233,370754,11495890
425,19,8,second,52,20000,4857809,5231117,1184803679,1372718845,1272953990,373308,11614544
425,16,13,first,53,20000,4858947,5229543,1185269855,1372004969,1272886697,370596,11501430
425,19,8,second,53,20000,4864125,5233117,1187801897,1373819573,1275088494,368992,11444482
425,16,13,first,54,20000,4857252,5230479,1184371490,1372453785,1272578560,373227,11668155
425,19,8,second,54,20000,4859941,5227588,1185818869,1370986152,1272725788,367647,11353445
425,16,13,first,55,20000,4854975,5229221,1183334905,1371814561,1271734676,374246,11680114
425,19,8,second,55,20000,4858069,5231245,1184877025,1372966755,1273103820,373176,11636140
425,16,13,first,56,20000,4858211,5227904,1184927171,1371141666,1272304236,369693,11460365
425,19,8,second,56,20000,4862392,5229599,1186968514,1371995559,1273828041,367207,11307991
425,16,13,first,57,20000,4860699,5232497,1186095069,1373445617,1273983926,371798,11572834
425,19,8,second,57,20000,4859576,5230642,1185618710,1372465378,1273268574,371066,11546940
425,16,13,first,58,20000,4860160,5230483,1185886264,1372517183,1273484969,370323,11433509
425,19,8,second,58,20000,4863803,5230589,1187610195,1372423981,1274400982,366786,11232212
425,16,13,first,59,20000,4855058,5224392,1183462174,1369334104,1270654705,369334,11486868
425,19,8,second,59,20000,4862144,5232414,1186758640,1373428284,1274383526,370270,11419872
425,16,13,first,60,20000,4858216,5230527,1184951000,1372457831,1272902653,372311,11603525
425,19,8,second,60,20000,4864133,5233404,1187791563,1374011872,1275197658,369271,11408119
425,16,13,first,61,20000,4858865,5231146,1185250195,1372732984,1273219553,372281,11544073
425,19,8,second,61,20000,4863637,5231864,1187483291,1373184692,1274651482,368227,11365019
425,16,13,first,62,20000,4857869,5227587,1184759353,1370974489,1272104026,369718,11525790
425,19,8,second,62,20000,4860765,5231443,1186164963,1372966877,1273759185,370678,11613470
425,16,13,first,63,20000,4859914,5231167,1185708386,1372802367,1273488320,371253,11534113
425,19,8,second,63,20000,4861067,5232272,1186277207,1373437486,1274085908,371205,11542877
425,16,13,first,64,20000,4860094,5230100,1185949160,1372302680,1273339389,370006,11573062
425,19,8,second,64,20000,4860391,5231256,1185976595,1372921314,1273707329,370865,11483251
425,16,13,first,65,20000,4859116,5229927,1185424758,1372129579,1273004966,370811,11544405
425,19,8,second,65,20000,4856857,5230029,1184309345,1372210167,1272433850,373172,11651812
425,16,13,first,66,20000,4860566,5231937,1185983520,1373114381,1273824658,371371,11448585
425,19,8,second,66,20000,4858543,5228675,1185152827,1371564489,1272611444,370132,11494428
425,16,13,first,67,20000,4863815,5229973,1187566883,1372114315,1274234663,366158,11211872
425,19,8,second,67,20000,4857784,5226557,1184743740,1370331557,1271847980,368773,11379337
425,16,13,first,68,20000,4859818,5229624,1185844242,1372108652,1273239636,369806,11473622
425,19,8,second,68,20000,4864412,5230633,1187862882,1372503607,1274548905,366221,11268679
425,16,13,first,69,20000,4862492,5232100,1186953268,1373271332,1274426745,369608,11371110
425,19,8,second,69,20000,4855358,5227459,1183515286,1370863187,1271450475,372101,11477523
425,16,13,first,70,20000,4859600,5234938,1185719244,1374791570,1274381066,375338,11748682
425,19,8,second,70,20000,4861172,5233176,1186400598,1373943390,1274378591,372004,11586806
425,16,13,first,71,20000,4854376,5229772,1183100500,1372140754,1271733234,375396,11774786
425,19,8,second,71,20000,4859758,5229486,1185655650,1371903340,1273075473,369728,11408044
425,16,13,first,72,20000,4858668,5230443,1185201276,1372438597,1273016245,371775,11607383
425,19,8,second,72,20000,4859429,5232769,1185502699,1373696783,1273732880,373340,11733722
425,16,13,first,73,20000,4857590,5227801,1184622110,1371054395,1272104995,370211,11466515
425,19,8,second,73,20000,4857281,5228322,1184484797,1371289872,1272100626,371041,11573417
425,16,13,first,74,20000,4861386,5230443,1186568838,1372481379,1273776697,369057,11496823
425,19,8,second,74,20000,4859788,5229461,1185722992,1371912899,1273115207,369673,11405477
425,16,13,first,75,20000,4858970,5233401,1185366836,1373899869,1273758394,374431,11749917
425,19,8,second,75,20000,4859910,5228282,1185772808,1371268914,1272854177,368372,11333368
425,16,13,first,76,20000,4858064,5228329,1184884438,1371362845,1272378449,370265,11490385
425,19,8,second,76,20000,4861150,5233221,1186401442,1373874029,1274337319,372071,11600833
425,16,13,first,77,20000,4858866,5228172,1185241636,1371232346,1272500271,369306,11473440
425,19,8,second,77,20000,4862336,5231829,1186924936,1373168629,1274351392,369493,11390781
425,16,13,first,78,20000,4860459,5235009,1186026409,1374764657,1274564223,374550,11662620
425,19,8,second,78,20000,4861761,5233357,1186650139,1373955745,1274494569,371596,11616746
425,16,13,first,79,20000,4865607,5232804,1188571493,1373655750,1275432338,367197,11362567
425,19,8,second,79,20000,4860053,5230804,1185782105,1372593598,1273478469,370751,11418765
425,16,13,first,80,20000,4861391,5232759,1186402367,1373598431,1274255272,371368,11490254
425,19,8,second,80,20000,4858637,5227556,1185125079,1370957612,1272348251,368919,11386189
425,16,13,first,81,20000,4859181,5231769,1185482247,1373176559,1273526991,372588,11604824
425,19,8,second,81,20000,4861153,5231287,1186416475,1372872277,1273896723,370134,11495306
425,16,13,first,82,20000,4858595,5230937,1185119615,1372679913,1273118515,372342,11562498
425,19,8,second,82,20000,4859053,5232380,1185391829,1373486126,1273645486,373327,11586983
425,16,13,first,83,20000,4859456,5225670,1185445802,1369958732,1272052912,366214,11298710
425,19,8,second,83,20000,4860832,5231850,1186279570,1373183684,1273941457,371018,11580340
425,16,13,first,84,20000,4857510,5230680,1184624596,1372559874,1272772707,373170,11639056
425,19,8,second,84,20000,4857603,5227634,1184655677,1370971666,1272093819,370031,11439705
425,16,13,first,85,20000,4858883,5230284,1185241139,1372360888,1273018883,371401,11564261
425,19,8,second,85,20000,4861179,5229809,1186346715,1372024839,1273500997,368630,11369560
425,16,13,first,86,20000,4860749,5230763,1186162621,1372593467,1273652957,370014,11450174
425,19,8,second,86,20000,4859888,5232132,1185787222,1373375972,1273792679,372244,11577836
425,16,13,first,87,20000,4858804,5229795,1185144494,1372137961,1272892169,370991,11498117
425,19,8,second,87,20000,4860683,5232885,1186154247,1373788759,1274177762,372202,11587482
425,16,13,first,88,20000,4858345,5228664,1185025889,1371454728,1272510781,370319,11459055
425,19,8,second,88,20000,4858915,5228590,1185154763,1371467228,1272554763,369675,11512465
425,16,13,first,89,20000,4858073,5228895,1184886817,1371586033,1272499651,370822,11473548
425,19,8,second,89,20000,4858754,5230965,1185264950,1372745391,1273166973,372211,11676395
425,16,13,first,90,20000,4861142,5232065,1186286480,1373276239,1274015267,370923,11532185
425,19,8,second,90,20000,4862688,5228325,1187135872,1371327023,1273569235,365637,11324425
425,16,13,first,91,20000,4862484,5232274,1186968222,1373410764,1274497394,369790,11384198
425,19,8,second,91,20000,4858019,5226892,1184867139,1370614802,1272067426,368873,11347089
425,16,13,first,92,20000,4862903,5233047,1187168493,1373772841,1274725077,370144,11491180
425,19,8,second,92,20000,4859197,5228539,1185432623,1371420021,1272742133,369342,11368378
425,16,13,first,93,20000,4861345,5228370,1186468545,1371310788,1273230236,367025,11318861
425,19,8,second,93,20000,4862967,5232691,1187294263,1373648643,1274697804,369724,11547298
425,16,13,first,94,20000,4860077,5229793,1185810509,1372044791,1273186496,369716,11482308
425,19,8,second,94,20000,4860412,5233311,1185969226,1373961017,1274126009,372899,11678225
425,16,13,first,95,20000,4858818,5231756,1185279498,1373125612,1273348440,372938,11708230
425,19,8,second,95,20000,4857574,5228503,1184608512,1371399431,1272230038,370929,11547867
425,16,13,first,96,20000,4855410,5225283,1183599456,1369671227,1270938736,369873,11393211
425,19,8,second,96,20000,4860652,5230359,1186135302,1372388019,1273535369,369707,11452583
425,16,13,first,97,20000,4858226,5229625,1184954170,1371926103,1272671425,371399,11537423
425,19,8,second,97,20000,4857256,5229422,1184516092,1371919302,1272407999,372166,11619396
425,16,13,first,98,20000,4858933,5231780,1185342639,1373131558,1273444202,372847,11585793
425,19,8,second,98,20000,4861406,5233349,1186450976,1373980467,1274439561,371943,11552321
425,16,13,first,99,20000,4863992,5233464,1187714070,1374048948,1275180803,369472,11401412
425,19,8,second,99,20000,4861282,5233303,1186387062,1373984237,1274400249,372021,11570801
