batch,replica_first,samples,z1_re,z1_im,z2_re,z2_im
0,0,50000,0.0019822466271218753,-0.0032255057743845461,0.0001622466271218731,0.00051572396996268921
1,50000,50000,-0.0025977533728781255,-0.0047150694688931627,0.0003422466271218727,0.0022131337613794655
2,100000,50000,-0.0032977533728781316,-0.0035026339035954535,0.00055224662712187456,0.0053827867392292061
3,150000,50000,0.00044224662712187557,0.0015549544545035709,-0.0016277533728781268,0.00032519838113018174
4,200000,50000,0.00038224662712187107,-0.0010084807406972873,0.00012224662712187473,0.0023170568098335731
5,250000,50000,0.0014222466271218703,-0.0028444545967195312,0.0022122466271218694,0.0033736078024501348
6,300000,50000,0.0020422466271218659,-0.0016320190314218219,-0.0002577533728781306,0.0023170568098335731
7,350000,50000,0.0010122466271218766,-0.00040226295804843271,-0.0017377533728781258,0.0030098771328608276
8,400000,50000,0.0036722466271218723,-0.0032428262824602261,0.00032224662712186658,0.0013817493737467712
9,450000,50000,0.0037822466271218713,-0.0014241729345136622,-0.0029177533728781263,-0.00052350651457822028
10,500000,50000,0.0040722466271218699,-0.0028271340886438512,-0.0004977533728781347,3.0749743843594413e-05
11,550000,50000,-0.00020775337287812223,-0.00022905787729163296,-0.0033577533728781223,3.0749743843594413e-05
12,600000,50000,0.0018522466271218702,-0.0020303907171625168,0.0008122466271218709,0.0016415569948819708
13,650000,50000,0.0015522466271218754,-0.0017186215718002495,-0.0020177533728781283,0.0036680564397367221
14,700000,50000,-0.00075775337287813105,-0.00055814753072958023,0.0003422466271218727,-0.0013548909022109423
15,750000,50000,0.00080224662712187478,-0.0021862752898436366,-0.001307753372878126,-0.0022035957979193166
16,800000,50000,-0.0010277533728781235,-0.00067939108725934005,0.00099224662712187051,0.0036160949155096822
17,850000,50000,0.00019224662712187535,-0.0023768008786761441,-0.0033877533728781245,0.0016415569948819708
18,900000,50000,-0.0024677533728781342,-0.0019264676687084092,0.0031622466271218758,0.0022824157936822131
19,950000,50000,0.0018222466271218679,-0.0030869417097790786,-0.0035877533728781302,0.00060232651034108908
20,1000000,50000,0.00050224662712186618,-0.0014934549668163821,0.0012622466271218769,0.0021438517290767456
21,1050000,50000,0.0031022466271218713,-0.00052350651457822028,-0.0019777533728781299,0.0016935185191090385
22,1100000,50000,-0.00065775337287812818,0.0010006981960817563,-0.00082775337287813167,0.0010526597203087962
23,1150000,50000,0.00013224662712187085,-0.0021689547817679566,0.0027122466271218698,0.0025075823986660528
24,1200000,50000,0.0013922466271218681,-0.0039010055893361206,-0.0012277533728781292,0.00018663431652474194
25,1250000,50000,1.2246627121875742e-05,-0.0026885700240384114,0.0014622466271218687,0.0027327490036499202
26,1300000,50000,-0.00046775337287813246,-0.0016146985233461419,-0.0018177533728781226,0.0049497740373371651
27,1350000,50000,0.00092224662712186989,-0.0019091471606327293,-0.0028277533728781334,0.0019879671563956258
28,1400000,50000,0.0023322466271218784,0.00077553159109791658,-0.0018077533728781264,0.0025422234148174128
29,1450000,50000,-0.0017677533728781281,-0.003277467298611586,-0.0026877533728781322,-0.00067939108725934005
30,1500000,50000,0.0023522466271218706,-0.0020650317333138768,-0.0020077533728781322,0.00049840346188700924
31,1550000,50000,0.0012922466271218652,-0.0025153649432815839,0.00066224662712187354,0.0022131337613794655
32,1600000,50000,0.0012522466271218669,0.00070624955879516893,-0.002997753372878123,0.0014510314060494911
33,1650000,50000,-0.00084775337287812391,-0.0011297242972270749,-0.0032877533728781216,-9.0493812686165409e-05
34,1700000,50000,-0.0013477533728781244,-0.0030696212017033986,-0.0023377533728781291,-3.8912723077655365e-06
35,1750000,50000,-0.0016977533728781274,-0.0047497104850445226,-0.0027077533728781245,0.0026807874794228803
36,1800000,50000,-0.002097753372878125,-0.0023248393544491042,-0.0014977533728781217,0.0017281595352603984
37,1850000,50000,0.0047622466271218661,-0.0013202498860595546,-0.002207753372878124,0.0016761980110333585
38,1900000,50000,0.0047722466271218761,-0.00067939108725934005,-0.0018177533728781226,0.0028020310359526401
39,1950000,50000,0.0018222466271218679,-0.0015280959829677421,-0.0009577533728781229,6.5390759994954362e-05
40,2000000,50000,-0.00050775337287813083,0.00056768549418972913,-0.0013877533728781227,4.8070251919274387e-05
41,2050000,50000,-0.00033775337287812734,-0.00076599362763776768,0.00048224662712187394,0.0046033638758235379
42,2100000,50000,0.0012622466271218769,-0.0011470448053027549,-7.7753372878131e-05,0.0037373384720394559
43,2150000,50000,0.0061522466271218684,0.0011912237849142637,-0.00094775337287812678,0.0014337108979738111
44,2200000,50000,-0.0011577533728781286,-0.0017359420798759295,0.001382246627121872,0.0041876716820071769
45,2250000,50000,0.0015822466271218777,-0.0026712495159627314,-0.0027877533728781351,0.0017108390271847185
46,2300000,50000,0.0006322466271218713,-0.0014414934425893422,-0.0037577533728781337,0.0013817493737467712
47,2350000,50000,0.0005822466271218768,-0.003329428822838626,0.0010322466271218689,0.0021265312210010656
48,2400000,50000,0.00072224662712187804,-0.0033987108551413459,0.00022224662712187759,0.0041876716820071769
49,2450000,50000,0.00041224662712187332,-0.0034160313632170258,-0.00014775337287813162,0.0017454800433360784
50,2500000,50000,0.0036122466271218678,-0.0021343137656165967,-0.0010977533728781241,-0.00052350651457822028
51,2550000,50000,0.0015022466271218671,-0.0011816858214541148,0.00068224662712186579,0.0021784927452281055
52,2600000,50000,-0.0029577533728781247,-0.00090455769224320748,-0.00018775337287812999,0.0020226081725469858
53,2650000,50000,-0.0028477533728781257,-0.0037624415247306808,-0.00019775337287812611,0.0024209798582876529
54,2700000,50000,0.0052922466271218688,0.0011219417526115438,-0.0031777533728781227,0.00034251888920586171
55,2750000,50000,0.00080224662712187478,0.00023859584075178186,-0.0027977533728781312,0.0018320825837144783
56,2800000,50000,-0.0014377533728781311,-0.0032601467905359061,-0.0004877533728781247,0.0016069159787306109
57,2850000,50000,0.0048622466271218689,0.0015895954706549309,-0.0013577533728781344,0.0033216462782230949
58,2900000,50000,-0.00083775337287812779,-0.0016666600475732096,3.2246627121867988e-05,0.0020572491886983457
59,2950000,50000,0.0014322466271218665,0.00074089057494652888,-0.0015977533728781246,0.0011739032768385838
60,3000000,50000,0.0020722466271218681,0.00029055736497882179,-0.0011877533728781309,0.0020226081725469858
61,3050000,50000,0.0033322466271218654,4.8070251919274387e-05,-0.0033577533728781223,-0.00062742956303230013
62,3100000,50000,0.0017022466271218728,-0.00086991667609184753,0.00018224662712186535,0.0021092107129253856
63,3150000,50000,0.0037222466271218668,0.00058500600226540911,-0.00046775337287813246,0.00081017260724927653
64,3200000,50000,0.0011722466271218701,-0.0011297242972270749,-0.0017677533728781281,0.00067160854264380898
65,3250000,50000,-0.0021477533728781334,-0.0028964161209465988,6.2246627121870235e-05,0.00010003177614631431
66,3300000,50000,-0.001417753372878125,-0.00097383972454592738,0.0016822466271218667,0.0024209798582876529
67,3350000,50000,0.0081422466271218741,0.00082749311532495651,-0.0027577533728781328,0.0012431853091413037
68,3400000,50000,0.003982246627121877,-0.00076599362763776768,-0.0010777533728781319,0.0024902618905903728
69,3450000,50000,0.00069224662712187579,-0.0016146985233461419,-0.0033077533728781278,0.00098337768800607628
70,3500000,50000,0.0047922466271218683,0.0017108390271847185,0.0018622466271218663,0.0021438517290767456
71,3550000,50000,0.0018122466271218718,-5.585279653480546e-05,-0.00087775337287812616,-0.0013548909022109423
72,3600000,50000,-0.00068775337287813043,-0.0023075188463734242,-0.0043177533728781248,0.00075821108302223661
73,3650000,50000,0.0019122466271218747,-0.0024807239271302239,-0.0011777533728781348,-0.0012509678537568347
74,3700000,50000,-0.0016077533728781346,-0.003312108314762946,-0.0024477533728781281,-0.00081795515186480761
75,3750000,50000,-0.00052775337287812307,-0.0014068524264379823,-9.7753372878123246e-05,-0.00038494244997275273
76,3800000,50000,0.00064224662712186742,-0.0021169932575409167,0.00082224662712186702,0.0031484411974662674
77,3850000,50000,0.0015222466271218732,0.00065428803456812901,-0.001307753372878126,0.00032519838113018174
78,3900000,50000,0.002512246627121878,-0.0012682883618325147,0.0013722466271218758,0.0037546589801151359
79,3950000,50000,0.001382246627121872,-0.0021516342736922767,-0.00013775337287813549,0.0013124673414440235
80,4000000,50000,0.003402246627121866,0.00010003177614631431,-0.0028377533728781296,0.00082749311532495651
81,4050000,50000,-0.0017077533728781236,-0.0025153649432815839,0.0028622466271218672,0.0027327490036499202
82,4100000,50000,0.00073224662712187416,-0.0023421598625247841,-0.00011775337287812937,0.0028366720521040001
83,4150000,50000,-0.0012677533728781276,-0.00026369889344299291,-1.7753372878126505e-05,0.0035294923751312823
84,4200000,50000,-0.003117753372878132,-0.0040915311781686281,-0.0014877533728781256,0.00087945463955199643
85,4250000,50000,-0.00076775337287812717,-0.0015107754748920621,-0.0027477533728781228,0.00053304447803836918
86,4300000,50000,0.0019022466271218647,-0.00041958346612411268,0.00059224662712187293,0.0039278640608719495
87,4350000,50000,-0.0019277533728781354,-0.0013375703941352346,-0.00013775337287813549,0.0035294923751312823
88,4400000,50000,-0.0013677533728781305,8.2711268070634336e-05,-0.0024877533728781265,-0.0012682883618325147
89,4450000,50000,0.0025822466271218647,-0.0010084807406972873,-0.0011577533728781286,0.00061964701841676906
90,4500000,50000,0.0021522466271218649,-0.0013029293779838746,-0.0021677533728781256,-0.001060442264924355
91,4550000,50000,0.00041224662712187332,-0.0019957497010111569,0.0023522466271218706,0.0022304542694551455
92,4600000,50000,0.00067224662712186967,-0.0008872371841675275,-0.0052977533728781334,-0.00059278854688094018
93,4650000,50000,0.00086224662712186539,-0.0031562237420818262,-0.0010077533728781313,0.0035121718670556024
94,4700000,50000,0.0010822466271218772,-0.0013548909022109423,0.00078224662712186865,0.0036334154235853622
95,4750000,50000,-0.00066775337287812431,-0.0022728778302220642,0.00056224662712187068,0.0029059540844067477
96,4800000,50000,-0.00080775337287812554,-0.0027578520563411313,0.00019224662712187535,0.0010180187041574362
97,4850000,50000,-7.7533728781303823e-06,0.00046376244573564929,-0.0039577533728781256,0.0009660571799303963
98,4900000,50000,0.0016222466271218761,-0.0021516342736922767,0.00033224662712187658,0.0035814538993583223
99,4950000,50000,-0.00092775337287813453,-0.0014414934425893422,-0.0029477533728781286,0.0029232745924824277
