batch,replica_first,samples,common_field_sha256,2omega_re,2omega_im,2omega_rank0,2omega_rank1,2omega_rank2,2omega_invalid
0,17000000000,20000,22e5386a353c9a673c8e91d529918b35f4a2bd662f945385f4ce3096b8afd2eb,9247.809008726403,9.885859179104724,5072,9935,4993,0
1,17000020000,20000,45b6bf199f0abfd6a905e11047a0ea252ed4faab3d8b0a29eba258176b4f0677,9147.04188346327,-14.52296096175974,5110,9903,4987,0
2,17000040000,20000,3b544ecea9da3680735578fdcde8a61b9ab05416f013853a4e1192c3bf14d39c,9188.889733429029,3.499171597633138,4974,9919,5107,0
3,17000060000,20000,2d09511d1fc812db1836684dff28464f924fddc2cc2ab8d6cb24a446ad54fe12,9131.886607163067,-3.676927840679235,5053,9811,5136,0
4,17000080000,20000,80e3578a078250ea784c485b5cd781f6b4ba6ed3666b59f9196a492e9415d350,9228.421844845803,-13.488268962049034,5016,9928,5056,0
5,17000100000,20000,87d0b1517f758029b4d390c88c505b8bb3c3d04b09d6b1537c80fb3e7eaabc16,9224.453781196546,9.730426448184694,5082,9926,4992,0
6,17000120000,20000,d99dbc6b89eadfb9c934760afd87a787bebb4ab106a49faef7f3b1c393bfdc25,9044.719117240884,2.709759740792353,5110,9774,5116,0
7,17000140000,20000,c1cfbd188275cecfa5c27c6947b061fddf029e9e12b0d2243e2a1b2e2cb658a6,9244.641686091745,-0.6970366563621857,4973,9951,5076,0
8,17000160000,20000,141074e5db3c1bbbac8b6238aa3eb62faffdc36b776fcac0fc9c29ea031e752b,9153.881262061845,-4.025446168860331,5132,9886,4982,0
9,17000180000,20000,b43a0f8b9d2221fe3b86122a6651f11a587225851ebad1f545403b14afc6b8df,9172.789600442376,-9.53734085092363,5035,9906,5059,0
10,17000200000,20000,3d58be315e5dc2af38b6e6818aa658054bea39528db2e1b825eb171da5c05dda,9023.484437670682,-6.998343195266276,5077,9819,5104,0
11,17000220000,20000,80bc9ddf5471ecd4a34e27628391541cac5e1bee262cc9169534a4b61292c5f4,9168.682519508095,-2.1834851695651616,5023,9886,5091,0
12,17000240000,20000,92f2d0dd660e54dbb1a3942f37e92611e16553047745eb1ef716c38ce9492bba,9264.920325344274,-2.795140783359848,5103,9967,4930,0
13,17000260000,20000,a9e8320d2174a3ff5677289a8bfe2561d18badd30fc17a3e2b300a5a519658fe,9255.6588755405,7.87313609467456,4914,10020,5066,0
14,17000280000,20000,391ae81eec79ae2966ec14cc619b275206e14697e265da1c9606c80083718b50,9222.06306188121,-2.1834851695651594,5027,9973,5000,0
15,17000300000,20000,dcca0e082952b09b469f07d95e68590013d84703e30fe8202e313fd3079b2129,9217.86008364389,21.784441442639608,5163,9955,4882,0
16,17000320000,20000,1356f4a6fee7dc52e6573b14c612bf49bbdf9b6fe50f63dec78018f632f8a983,9181.97004412974,-26.67768635299712,5127,9924,4949,0
17,17000340000,20000,d223dc2666eb661988227dd47f727153f0461dc94143ed1ebb4e83df6f67df57,9169.454541171155,6.557449666606583,5023,9910,5067,0
18,17000360000,20000,a5dbd8666a73982196503cbd5ab865498791a9621a4212a83a4c970b0afc8648,9104.66422064172,12.076338506580985,5153,9816,5031,0
19,17000380000,20000,a70c395e412b4bef779a2444ba2b864c9cb1814d6b4b3cc79bdc09af460cf198,9153.11483221442,-11.898582263534887,4992,9871,5137,0
20,17000400000,20000,fbdd095288587c3d437464ebc538a5de5927beef40a6aa34e41c473c6800a289,9172.860083643893,14.786098247373335,5044,9910,5046,0
21,17000420000,20000,2b0181755284bfb91a81ece0299ce9232209bc19c5528ae8482fa974017fafbd,9256.344580685314,-1.1379301850218813,4996,9992,5012,0
22,17000440000,20000,25aefd46ec8c9c1bab4f7b74e8e2efa2279cd0ea3d72cb037b2d34cbc6fbd3ee,9178.443604254328,-28.953546723040876,5119,9963,4918,0
23,17000460000,20000,ef1c5147319125dc8f81aa52bd415a0163620646ef97b6bfe6e3217b1159a22a,9193.779772943184,15.746272189349115,5025,9919,5056,0
24,17000480000,20000,ac1a12aace03192c669c4077762292f99882756b864463e63b15866e8dd1d046,9105.363293553615,2.802134941270953,4967,9878,5155,0
25,17000500000,20000,9f8656e5b744edbfd25ba1e412de1f01d7991591d0a7a6c0c942622247f9a121,9173.24732725024,-41.64154084341655,4981,9901,5118,0
26,17000520000,20000,07f1a8fff9e2179613f1917a0e2303f4e1179041c198926aac445814a0e2ee00,8986.051464248068,-37.35295738894263,5223,9688,5089,0
27,17000540000,20000,d71582307eb2d5d3626d1467eb8cda8a054ae0159ac9216f5509ce12a0874c36,9297.916503662604,28.085747981543694,4986,10032,4982,0
28,17000560000,20000,b5d645762d196c406beb55c016e5fe970824c0435cc28659af7337ac3bb3059b,9096.869664428705,16.6210650887574,5175,9780,5045,0
29,17000580000,20000,2e278dc0ea0237c4b392707034d5b60f0a5419f27b180617cc479af9f66c7956,9140.457006720804,0.26313728561359406,5021,9839,5140,0
30,17000600000,20000,87bc27a0df7989250f15363cff7a619c4142d1ecd55001d2a3e09fda8c07b273,9182.500719688744,4.5517207400875215,4971,9881,5148,0
31,17000620000,20000,b4785ff63eab2f276d33c8ea414664b48f05f7a664b596e6e16a6fa52e106dbf,9117.979871628942,13.299649734170362,5046,9868,5086,0
32,17000640000,20000,c32ec7ebc0f96ecb1180f5dcb4f65cd0644a50a6fe9119ab0f1e94cc5635e57d,9139.817480093576,-4.637101782655019,5057,9825,5118,0
33,17000660000,20000,0eb110cacf8c7bbfbf6f16d06752dfe72ecb1b6a30b54de9968544cfbf49cc75,9311.206493833877,18.107513601960374,4999,10028,4973,0
34,17000680000,20000,3cd019bcbc907f9856d795c9ab75cfeb5111c5dc41a465b23e093bebf1413c28,9135.677174406885,-1.3086922701568753,5105,9906,4989,0
35,17000700000,20000,4d939d10652644284c0060f16bc353d5f3bf17e0b9b79fa164a9aae024cbad7d,9153.753082435354,13.715691962175274,5030,9878,5092,0
36,17000720000,20000,c9e73f4b09520a133521d6cee7bfbd13a89c41ff912a189f49e483b5e7504791,9151.4940184555,-29.657577537314165,5071,9893,5036,0
37,17000740000,20000,f3db0ac5ed67175517cc6c6baf4b820c48ee49e7d8fd5812e559eb068ced6201,9168.289270084226,-11.72082602048879,5115,9855,5030,0
38,17000760000,20000,96ad2ddf8f13cca6074a3f9ea880f725b2ffb35c5a3f5875d31465b18e1c9ed1,9259.162780865938,-6.649824867085181,5005,9976,5019,0
39,17000780000,20000,c686d67aaa9436cd8cad202d86c03c25bb2288325631784ae4d1a06b1eb51737,9186.758594525232,12.680999962464572,5024,9917,5059,0
40,17000800000,20000,7a55956c57dd213b7be0303c99d7c745bca40ec6284d0c7daa26cdfcb61bf041,9318.091188246814,7.26148048087987,4958,10083,4959,0
41,17000820000,20000,642f53805ab5904ac223b6eadae4b3a0f30e1d0fc33317fe99397bb55092757d,9180.939038212573,44.00278225602781,5131,9920,4949,0
42,17000840000,20000,25d4843752b3068e178a38334ef57cb93c63b1ebd5476ff165fa47118988b433,9275.351695920472,-12.595618919897074,4984,9999,5017,0
43,17000860000,20000,f5e53b597e312aa8bd80bb332d6ecc6febf9ca3f741f48083451909e4d2ff38b,9150.880152644217,-1.8349668413840665,4997,9935,5068,0
44,17000880000,20000,ab2fcd53d2e86136cdf708128485deabde19c3fd8bad9b939696ced1f268f292,9151.632105306928,5.163376353882208,5025,9912,5063,0
45,17000900000,20000,283e47b07b71b8c911b28cd8bd9711395860d647a252265eeb3c3c73e73c3407,9260.396765020427,14.345204718713642,5020,9994,4986,0
46,17000920000,20000,a85bffe19fe4d6f7707eeef9f266c7458df376909a376ff1e626f77be8cbfbaa,9250.327391236555,-14.786098247373335,4968,9928,5104,0
47,17000940000,20000,b01a614f4a1e65198c6f8e2033a71758172d6be8229dbe0b7a6ed51e7f1de57f,9256.89108956105,-35.42561534707996,5039,9997,4964,0
48,17000960000,20000,f0b32912b69e63925600e5a78da92c6293b0816fe380aa2f03d06d0225e3e694,9158.885497745432,-0.7894118568407853,5047,9890,5063,0
49,17000980000,20000,81b40df14c437bde95bce17d909ef3a3c68444544ade695e0ea6f4272f6618d5,9121.936572662926,23.35627099841008,5036,9903,5061,0
50,17001000000,20000,aca788d52b11cc48030912f34e5d548fd3aec49ae2b1c93e5b82e0f257a83d15,9142.83890522593,-15.746272189349117,5067,9885,5048,0
51,17001020000,20000,c68d049105c346dcf56c324bd951ddae01f5b2ed8c2bcf343ae3d884db521fed,9187.931676263022,10.148996464718318,4997,9877,5126,0
52,17001040000,20000,008b22aa62a834f3d5eed2a9b9981e4fe179a6782a1fa7d282c50bfa5c8b02a8,9144.618042124137,-13.911305347965051,5067,9898,5035,0
53,17001060000,20000,c58e7bb12ce1fb052a73acf335ba384d1824aaaec92c67b4349ff0ca4ce3210b,9028.601099389765,-20.212611886869137,5119,9786,5095,0
54,17001080000,20000,8793357fca6f45586a7b3963a49517f725500e8a4150d0fc03b8787b7f55463e,9261.76283020882,17.32509590303069,4992,9991,5017,0
55,17001100000,20000,6e7f5f7df96fcdccbb5c6d5a0f0133577e3e135d2234f11e07b140211db8b0cb,9325.554260155877,-17.666620073300685,5056,10032,4912,0
56,17001120000,20000,731ccca1c3e4ec8b3303b984b735cb219f59b9b573f8e5da8a80ab0efb28ee74,9215.066188147179,19.857099400776942,4989,10017,4994,0
57,17001140000,20000,4eb360e75692c63019849cffcf000f1453132bd416e2b9aba9fb3321e8bebb79,9206.5317256059,6.9983431952662745,5087,9908,5005,0
58,17001160000,20000,56a09d498d40227fbdf2b7cfdf0dca6d1f861367e409e6d8f3301c2e9ddff569,9223.233264067443,-14.34520471871364,5019,9944,5037,0
59,17001180000,20000,bf1a03a58c1ea8c68c8e9a60ad4ca0b5d8b4d395c739abd072cad8ccd577253a,9149.36575910327,22.922371627661487,5089,9880,5031,0
60,17001200000,20000,77d1741720fa790ddd4418ed12f922dc1807a7e73511a58a7f804e8a8890cb52,9203.545788788693,-8.747928994082843,5053,9912,5035,0
61,17001220000,20000,156ba5b31226e7fe18cc41d2fb55d6c2c5344e578b3155f70e1a277c8f1e43fc,9206.100769031626,1.401067470635474,5097,9917,4986,0
62,17001240000,20000,1445317fd83c727eadec020cb09dae5d154e231754815e01bdf465fd1b233155,9163.251562933825,61.32088400114739,4982,9890,5128,0
63,17001260000,20000,8af4e3bfce75949eca1a7a7f104d1506c9730180d72acd4480bdd4e44d282526,9313.1469475492,12.510237877329576,5002,9982,5016,0
64,17001280000,20000,0901096af16d5bb1d7059122e8a2c29a4096f00be7ac749bdcaa1123e3042629,9202.375586602462,48.37674675306923,5062,9941,4997,0
65,17001300000,20000,8b9777d30fd614eafc61941f74e490d81230dc9cad063ae92b09b0c3076f6726,9197.48377695438,2.9728970264059473,5020,9900,5080,0
66,17001320000,20000,a82f2056f1884b6ea5f1953ef91502e874b69037dd4a9378ca9c2c20c2cf4ffd,9280.357287736088,17.84437631634678,5000,10013,4987,0
67,17001340000,20000,5e4891e6922d6a1750c17af03e3cb74783315a7a8babc896b6dbd5896189e5a0,9068.740956375152,28.16413486620009,5075,9886,5039,0
68,17001360000,20000,e9b0620ada85e8fe19c0e617ef74f6277f8778636c4badf5c42f3174aef2f533,9210.199131884325,10.49751479289941,4959,9877,5164,0
69,17001380000,20000,c4df86b0f1d07688fabee516e94397b5d36af91936ad6a6f46bfd95287ad1ac8,9061.034521513704,-11.635444977921292,5121,9767,5112,0
70,17001400000,20000,0840a9357d0be3eda459a1ab43a66c291c7b33b6f0304ff13f1ffd099249439e,9172.962233478856,-24.231063897818363,4962,10010,5028,0
71,17001420000,20000,b2b7529aebe95e6769ffb1f68049e425453fb6a521456bba0839ba543bc4c1e7,9156.924561027863,26.15840593968103,5101,9858,5041,0
72,17001440000,20000,7a3011974ce0a1126f65c6c0f557b0142cbf108c41e6c2ae145c83f8b0b1090a,9190.690990875297,-7.261480480879872,5106,9906,4988,0
73,17001460000,20000,3fb1db107193db2c78773ddbca1546ab5b750cc55f4ec078f80f3045ba442eae,9228.28367826862,25.546750325886343,5112,9906,4982,0
74,17001480000,20000,76df2867f06f5cf0e2b3a92ac214eaefd92fdbc65f78894c976306a23c2ac78b,9255.917859794627,-19.94248044334444,4981,10000,5019,0
75,17001500000,20000,e05dfa098914fe2c0958e611dfb9fc18cbd02c9056d2c6160dde1c9ca54111e5,9199.355597327887,10.21652036454214,4980,9894,5126,0
76,17001520000,20000,525721352f5153f845bfa8c10dc1f0003f6f87475389a20ebf7c5b558c4ec3cb,9225.276977035373,14.608342004327238,4997,9946,5057,0
77,17001540000,20000,a8eb5dc8b484602f3307a2d3d33599b2701adccd77dc6dcc50c4559047ddb9e2,9085.158545182338,66.56964139759711,5160,9803,5037,0
78,17001560000,20000,c2f7813ef365192900a25081ab7679485a5c95f7bd9ed79155d6880066a55968,9189.406592519623,14.608342004327238,5067,9931,5002,0
79,17001580000,20000,ae3ed382b87cfe94affc2f0d9c1fb79e289f171ae6b7877d326bf1f6d200ac78,9225.390759202892,-4.722482825222517,4945,9919,5136,0
80,17001600000,20000,48c9aa05d26f4abd937ee285349535a8d3a5607beb01381d1b8b030287316c51,9220.113476082395,-8.136273380288156,5011,9928,5061,0
81,17001620000,20000,b959a9b5765223ca36132d53c523f9ea5c8a74395831b57726e5b0a20a108314,9052.061291747274,-3.847689925814231,5071,9762,5167,0
82,17001640000,20000,1c3eebd9e7d9c40c6f150844eb82d8a2014e310338aed4abebf70d65745202a9,9108.131774948783,0.8747928994082841,5041,9822,5137,0
83,17001660000,20000,948d2e0beb655be6bdec7ee1e1f0d23e080ed5c4f816c87b47a49d735a8d518b,9153.736059975246,-9.708102936058626,5205,9879,4916,0
84,17001680000,20000,27592e3317b72d061492b32f9317a2c613f64ccab60a8ba57b8f22c9c8f42939,9177.257568751362,-1.486448513202975,4942,9944,5114,0
85,17001700000,20000,e261d06d8837f8f1bd2170af6f18aeb120ec7b48953921fc57d6d489b22223a6,9141.06976311446,-12.424856834762076,5085,9849,5066,0
86,17001720000,20000,4175f45c11d5b0a36dcd4f4c93f92388209fc53ef603660f030d0a0ceb62f0c8,9160.714881557295,-19.245443786982253,5045,9891,5064,0
87,17001740000,20000,e61d9ef36017d076e39605a42da64232bbd8cc7d049f2a5908d0fb6bd4323387,9168.937268078644,10.846033121080506,5060,9867,5073,0
88,17001760000,20000,ff4ce7aa16f1d344ece5aac1be63fbfb0c7bfc9c66e273fa3637028c14e425ae,9005.326528533315,12.24710059171598,5075,9797,5128,0
89,17001780000,20000,825d57ec88334e362233ff065d026ddab156067f57dcd8c8f84f2549f9bef16b,9405.142711865617,-8.747928994082844,4916,10075,5009,0
90,17001800000,20000,04a9a560daaa786ccc2dceec9d964e14dbdfc3b735addadc688a6e5bd5d617eb,9211.504955372335,-16.7064461313249,5073,9909,5018,0
91,17001820000,20000,ef6dbdf4877c99a5c32b3804762716333e08ddcfa2ee69723143fc0a9ae21bc6,9134.125073715544,-10.760652078513008,5092,9891,5017,0
92,17001840000,20000,6eaccdbb510cd8cb9ee6b7b69cc56cfb5dd2f2d201a53e71a37fe22fe3559514,9181.42176512006,-19.771718358209444,5030,9878,5092,0
93,17001860000,20000,42113578c8d12f8dddf3defc65e3a597d7ab703b5726177f95afe9aff7d668ca,9064.837549093916,17.23272070255209,5066,9797,5137,0
94,17001880000,20000,55a1ae426e7cb5341f1ce86aed386ed98da93264779763c87d8bddb31cc1bbe4,9102.878135795889,-18.370650887573973,5081,9784,5135,0
95,17001900000,20000,69975ed0d8e7d05a359ffefff84cd2b8b29121e59471bf93fb604a2baa7021cb,9025.206493833868,12.161719549148483,5152,9742,5106,0
96,17001920000,20000,7e546c92ef1de4eef913c67fa7208eef908e6566116c6c70a21bd09941406ae7,9152.002159464533,27.11857988165681,5093,9845,5062,0
97,17001940000,20000,ceebaedf242ba169419cadbea175dc91ea44650e07f926e9bc084b2ca21d3372,9149.456311305095,-1.7495857988165668,5021,9931,5048,0
98,17001960000,20000,dc6826ec157f07757125b7ed56ed7608618b3234e9164e9d3f131284cd84fd6e,9243.573569181613,-19.223120274856186,4959,9958,5083,0
99,17001980000,20000,921844146eb704d27dd67cdc51299006c41a277fcfc7967547512717226db103,9099.368224652913,-19.771718358209444,5124,9788,5088,0
