sha256	bytes	path
abcaea10001edd25163c17229ba0afe30e6cc3ced50897d2fdd860aa82a9d515	3204	PLAN.md
952db0216d483603c8d792af9ae1857a0935bb8873cfbb72677cddfcacb7270f	995	QA.json
8dddf2e1df409a8401c54a03c1f12adacbc67a6e319c4e3ecb5982b09aed1061	2774	REMOTE_RUNS.json
590ee88c6b585f651d21ab9666d743e7c846483ccebba7bebf2912d1f616ea3c	10391	REPORT.md
a59316cd656d588437f41f064870165a63d1072a03df6adbe1d3cb2139228884	3614	analysis-attempt1-save-failed.log
61cfb8bd0ae603092ed488f50709689a4f3e2cc65ac9f1d287457cbbd16ca178	2476	analysis-exact-score.log
73ddf04224a2c8650494a86221ca4f737bdf6d62ab791e9cb203b1010c5f43af	3994	analysis-extension.log
67639a85e77c6e4e62def78aed5bc6656bcde40b0af5fe989c7853fae3fd0795	2825	analysis.log
f94e063a3a495166039684e3475cc1c610c9287bcfaeeb8ee4bc190ee2a6e8a9	12385	analyze_extension.py
47ea54f9d270d1bfcbdcd4ee2048718a2668a0715ff25f33f1951a4a4430709b	14816	analyze_prefix_local_rank.py
ede136acfdeef7de694bf03a20f16fe78de6fcd18c89c377d47d0d230d4fbeb5	14052	analyze_prefix_local_rank_exact_score.py
76a01f6ee8325a49ec3da68c6332a0e73d5c6c4b2b31d9e27250b1b9f301c58c	2341525	census/N325/census.csv.gz
3a9f78aa4aa1864c6810bc05b3e1988b2f9a96f3d37d4462f84a17fe764b6f08	151	census/N325/metadata.json
23a1e7c49404f2e080c0cd519556494b428095e4a162141f235e7ac78beb782e	2564704	census/N425/census.csv.gz
621849a7224432bcba65f93fa0d8e3948e18f17082cdd74a66b0bf3c43dc6f89	152	census/N425/metadata.json
61ce261e6dcbc82960af93e6fe71e12e3b9f13cdc8e42bca6da0d96791e02ba7	18476	census/SOURCES.json
14291ac9eae46bf9bace4bca9cadac2b43d8123b5f7d67ba47886ae312723bf2	2447	census/manifest.json
5b5174cc541d386bdf2f15ab47c97aa6327498cc8701e2209f700d4c99333dbc	4105	census/provenance/finite_census.cpp
dbd6898dab6f41db0bf2a7f8a0e153a532caf9a73d5af1b76a69e0ea447953a1	5195	census/provenance/p334_exact_next_label_safe_census.cpp
d7f464337ef8761118cb2247d2d81c781727bcdf5c6fc0561e3b0e77fcc6d663	11673	census/provenance/p334_next_label_contact_coordinates.cpp
242bea6b0abaeff013b6d8601fdd71f8183af236ed2937f81dabdd9f0ecabbf1	120692	census/provenance/threshold_rank_integer_period_mc.cpp
1b042320751eab71e5bb21517040299ede937cc87e61d1e4b62ff36882a5434d	6320	compiler-install.log
eebf351d56fef22e86d724f0a977e83b5b0d073be3293b6549edd40741d7dbea	235206	extension/N325.batch00.csv.gz
9dccac0d53fb1a4f5ec55f4380b51735083a3fa6e4dc4ff49abcf61b4e8bde13	56	extension/N325.batch00.log
efa9b97ff710cbc6deeada5ad3213adc8dc39644992e488e8a5341abddefbdb2	311	extension/N325.batch00.metadata.json
cc873b1e4964809d4f373dde84147cbc55afe241032dfeb050eddc72e0098aca	260164	extension/N325.batch01.csv.gz
1bdf6864392923597a6cf1620f77118e29954386334bef78d95da287ce5d4b0b	56	extension/N325.batch01.log
ed8b24316e15a6aafcfb8d3aa9b1eea2311927103216415bf52640bc90439ec5	311	extension/N325.batch01.metadata.json
030c1eacf8904b7e2b52c074f7f16059b2ef760df9921ea16db97d090675c506	202939	extension/N325.batch02.csv.gz
1bb0aa7200dcefa283cea2ce8436649b79f601b18b008655f4bfbab31a9dc01c	57	extension/N325.batch02.log
64c1151ed9651f71f75bfe61d0fae6b5b8ff237928f81a8d320099d9fd416972	311	extension/N325.batch02.metadata.json
1a9d916ad9734113d21b977b101d951903db1eae46563486ed6788d5799a41dc	311461	extension/N325.batch03.csv.gz
a0a74182b554f11f4cfba6d5e1b6e772d462d9f7c1c58822b21f7f679366643d	57	extension/N325.batch03.log
578b12b7ad8549a54d2bf5023711b861ecd898a4e66926104898e3d82549c79d	311	extension/N325.batch03.metadata.json
8471e3774711b74d739846d3bbb461d33d071e7a3935885ac3e10cdb1e529d82	264513	extension/N325.batch04.csv.gz
2887be8486b7fad0e4ae065599026886ec996f9c0601160874d8f28e3951bfc7	57	extension/N325.batch04.log
3e1b28fa77c3c9da9756bac75ad6ad0e9c0f452c17ffb6aa13e65949bb54eab7	311	extension/N325.batch04.metadata.json
9444fdc07fde53692285ede01d5aa28d93790866d65e9363d64e68b0a4bedba7	300798	extension/N325.batch05.csv.gz
16feabd2e85c903ccb6e65daee03ddc6d7429bf7829bbe708dfc3cb274375565	57	extension/N325.batch05.log
4fa67390bd1b1955e96d72a719bb8d57734a73a3e81f20db259daada159716fa	311	extension/N325.batch05.metadata.json
fce2d44b8b7c8e2b67645e2a06d1d2207b179f383356793fa58832ef4c0bd0a5	286152	extension/N325.batch06.csv.gz
7ab82a99f1c651bf0d99318988d1d674e66e8db2029bb5671b42c593c9b5cda9	57	extension/N325.batch06.log
ec9c99b6fb10ef46c29048153db7fd7118d7ac373defbb7ee2becb340c9778a4	311	extension/N325.batch06.metadata.json
f45abd8a351993ded5056e0fdf92fa09007d7aadb5c18b3eb46c94d24c788ce9	314860	extension/N325.batch07.csv.gz
1b2344812dd83e68e3d7534171721869cf4f1df6c05277220359ff70b0077062	56	extension/N325.batch07.log
3d34417a722d0a4643f199a9825be37f80bb255cc63c65b05014a01c107c448f	311	extension/N325.batch07.metadata.json
94d66035fa0c1121b8e560155918114c855b9e73cc7f03b09e75fc30e9fddc1b	311456	extension/N325.batch08.csv.gz
b85e556f177d57a1486a620025b027fd55d10b5b2e507b8c2c74eb62561cb0d7	57	extension/N325.batch08.log
e01bd36b2a768280877a41926e42820bd9b1b43727c9caf79c2f0316683a89e9	311	extension/N325.batch08.metadata.json
d8d0e31db9b536734639b7a04f17539339416bc877cba7064cc8a3308500d693	246293	extension/N325.batch09.csv.gz
cc870000706b457dd3920a6874e675236f4ee9bcec79f5f8c6888f0427cd92ae	57	extension/N325.batch09.log
10bfba81853f6046747f80e149d88daa9d990c79883251f82562d16d5c11b0af	311	extension/N325.batch09.metadata.json
83577b276596238da2e2bbd338e31c69a4d6aaacf663cae0e460122d310649ed	296464	extension/N325.batch10.csv.gz
453aee240b83962b05af4ab5bd05d8957112d67fc7bb7d6f6dfc0157006edb05	58	extension/N325.batch10.log
0083acfa6205eca2156bd4d767640234b549b036d1c429f2ad890a2e0fd9ad4c	312	extension/N325.batch10.metadata.json
a4ff164d02c4d01431529fe11202bb277338b449cfeb466e1deed0335e72f666	283247	extension/N325.batch11.csv.gz
4e064df030c955821f92632c73fd368cd040d51b38e31a445dc370d3180a7f50	58	extension/N325.batch11.log
18c5173ba4732351838d47b93546e5508d210633287d11ae9d5034d96d3c70d8	312	extension/N325.batch11.metadata.json
c13b045ea6a07e3ad9ded3dd565cc343b9458a23c148cb425a71efaf43c9f642	300784	extension/N325.batch12.csv.gz
bae508d6abb07aaade0e1882d64c0a88a146a1804c55dacafbc05cfae23e109a	58	extension/N325.batch12.log
2fdc55de59a916a1d9ec1741809f9da6f080958a7d21fc8ea372f8f0bfcc7a15	312	extension/N325.batch12.metadata.json
9482a78feb27dfef9768d3eba63a30a1a441036f57be00ea8f60cda5db74d0a5	224205	extension/N325.batch13.csv.gz
c69b0daaa1a6b607223c61de490b05efadf4f3aeba69a9f3b142f2e23f723209	58	extension/N325.batch13.log
288b13a1a5dd0a1fd867ade41df853f86f206819fbc7b948dbd016e971361d70	312	extension/N325.batch13.metadata.json
cd6b47a7cd3f0707d8d743288fbca45d10eaed7ad853197c28be35c1e04bba22	250154	extension/N325.batch14.csv.gz
982b1a501ac100c2448d3e7bc24e8973ed4770f330913950bd3cbac92391db3d	58	extension/N325.batch14.log
5fb765d4581db7357c27b401baf4b1ce380956f53afeed93caceaf80f6fb0241	312	extension/N325.batch14.metadata.json
615465a6e0237deb798690991ea3471d516cb4c003507e4ec1e8cd778c1b56e8	271308	extension/N325.batch15.csv.gz
25eca083c45532b5deb2f54de5362d136d37bf74986b6a12146619f4fed5cc4c	58	extension/N325.batch15.log
47f1ec2d286625e057df13fab1e58415a1ebb4e1b18d7c8e8ed497a9d0e96525	312	extension/N325.batch15.metadata.json
302aa03388ce2d4963cb2c2f94cbec9322429f95f15dcc123a65031e3d2ade70	238244	extension/N325.batch16.csv.gz
7b69445fb012ffdf7dc8ee13434d7201e8ef5e4f88e51ab7d4e17f52f02a7d2e	58	extension/N325.batch16.log
b0cec70dc71f28b3fb9a4e0a33312d8e0a7186c8e34ab5a95c9cb85dc2b923f1	312	extension/N325.batch16.metadata.json
5d35b90478718f443871a54f6710e1636550b6a30162a9aa39c8975f00dca548	257243	extension/N325.batch17.csv.gz
be5096edcbc311122f26faaaafde40fcbe9b57d4d192211e4c80f1f075808700	58	extension/N325.batch17.log
78ec8d51ecf751900b7781d29dc7ff45c9a924b62b273f7fa7bf85fe75c3bd5c	312	extension/N325.batch17.metadata.json
a5821a6a6e74d434af03c6f02958cfc7af6ab8b1e6f2420e2daf0b3911cd324f	300133	extension/N325.batch18.csv.gz
508c9745bada59f7cccd8149905db19e4c0fcdd297fb5b606dbbf69f444ebf19	58	extension/N325.batch18.log
2e55b4e1f64b24bd051e29129f424c2ef5cc8440a7964fb17a102edcbd89ec29	310	extension/N325.batch18.metadata.json
38f49c0a82d023b31d62c289614990d84fc4bd7129b7002228804815028a7a57	282573	extension/N325.batch19.csv.gz
023386bc376cd641c206c970f612e7ac3476b8f724f3de6363d5cdbad75e4af8	58	extension/N325.batch19.log
dbbd82b965fe534e549db454391db4889575eb3423f43416a272a1cc45dcdbd5	312	extension/N325.batch19.metadata.json
22fd2458a4921590b27f56cc31cec29eb62f354c5f2d7429b4f1a7daa5a61123	205990	extension/N425.batch00.csv.gz
0d8b05775262e365c1dcc80254b12af0e370b06d3c7cd6402fd838a5f46c0618	57	extension/N425.batch00.log
c470033c57fe8c909272297bd11af8600db59de8563ea72eed3ef373d12b3e64	311	extension/N425.batch00.metadata.json
835aecd4765c68d49f16da6061cc7b5d88baabdbe3257bd784b245798075ddf3	315895	extension/N425.batch01.csv.gz
6d553f4d31e825e254a6c3691c22001765374b5604f89d284d344f50b3c7cd5a	56	extension/N425.batch01.log
c8ea6ae49bfd70df24385ff469eda2c9e19d979d282a3c0be4d9382e65df6139	311	extension/N425.batch01.metadata.json
366b462e6ba3fad2b5f0d80355a63d8adf76beab0d18c6c3be3f459f577b38e7	293994	extension/N425.batch02.csv.gz
d831a6ecbf510b56817960398643470d2c19d9fd9933ef7fbba0e86f3fac1c0a	55	extension/N425.batch02.log
1eb2b893850572213e09b6ff60784c39b5bc7fdaa3bbae464d32b53bc513f7d4	311	extension/N425.batch02.metadata.json
b2f4b65914612e65f308d68fb946906109b55b0e08d6585df4cad8bcbecfef2a	283482	extension/N425.batch03.csv.gz
b55c619fac5b96cb51ddb72d133db9ceee0392c07fc086ff59198f28183eb415	56	extension/N425.batch03.log
358ca624c95bf9faabfd449168d1f4d41635ed8373c38a94c945bc4585ae366a	311	extension/N425.batch03.metadata.json
fda6ee35d519b445f1185f7f4fe7f6b65fc46f20c6d4df648fcfedf711687cac	297699	extension/N425.batch04.csv.gz
04c1f7cec8a1dfe4642afad88416213ffe3d77fc736d97923a6a42dc70ba6495	56	extension/N425.batch04.log
662f867834376d810941f56e24bf984afb84f6cd4df7b6f71bbbc35cd726b23f	311	extension/N425.batch04.metadata.json
4374d01588da3ad61490e3cc5a00658a3ab3163f965d6104b7627d3c1c7cccc3	319296	extension/N425.batch05.csv.gz
ff64926e873fdbb64f464e53669ca0532ddbcd0393d8a139ef0950d229a308e9	56	extension/N425.batch05.log
94f7379fbda59ca7d427270d8dfb8fa06f0ea8d73374dfdf57af69a0d4172142	311	extension/N425.batch05.metadata.json
f0ba4c5ff298158ccea97cd3ce755c0310e557a323b34164e50329f809f3d9b7	315834	extension/N425.batch06.csv.gz
f31f241bca02e2eca07205c119fd134ea08e3f1ad8cdd4c3f7fac4ab6e93e177	56	extension/N425.batch06.log
ac0ef5a76b985b753ab7fcace772a3b5e10b10822a0dc3100ab7e8efa151a310	311	extension/N425.batch06.metadata.json
e8a9cbeda8ae190f546ba9c1fd60d501dfc4be775aeff481196c9d7083a561fd	315829	extension/N425.batch07.csv.gz
7c8a74d2c28f7484f2b7403989aa8fb42f0009a47a202c402595333b7b9fe401	56	extension/N425.batch07.log
11703f621086a81ae820edef4fdd61e70e52a7e21acac829260e35fa35f35da8	311	extension/N425.batch07.metadata.json
52f5cef55c715b41163f8e3888c83175f31b99ef7d5f171d27b234389d2dfcf6	272292	extension/N425.batch08.csv.gz
ede01883f41f95ede619fb1746b52f0acb3d95ff231a243c5c35c96bd938f73f	56	extension/N425.batch08.log
ca5d9805a82eb4ec187b4487dbdf23e195835ad0b2f81122af8615f9da48d937	311	extension/N425.batch08.metadata.json
e7e0884da1a3ff37656aea90dc59a316735f48f2f065387c719f12ddd8be5bbf	264956	extension/N425.batch09.csv.gz
ff69a807cca107ce522b955b405bee0efd8d3e0d48e0ed5c15460a0f53ef0e3c	56	extension/N425.batch09.log
de153a12efbb3724b619c2aad28052ecfdefcd227f554a1e93554495b03e23c2	311	extension/N425.batch09.metadata.json
d4ecc3d9cb7f4a8a93707adb8cdb56b596bc9a1f08793e997e3f92fb9b60fe14	249660	extension/N425.batch10.csv.gz
bcaef3d3a7ae8aca64f65af2105a66cf68e6bdd7d52e9f4bdc4845c1aecdc5b0	56	extension/N425.batch10.log
fd0138391e233f241a2bdc0d2e963467d1533650b85dbe4b0c7bfabac3a70973	312	extension/N425.batch10.metadata.json
6d386a723755141dd79316bc7a8b71317174c5bc204978837a5ff09d037b0fcb	268080	extension/N425.batch11.csv.gz
f58bf29045304b709561eaaecc2fc8f83c81ffd91e40bff8d1048b0f83028d40	57	extension/N425.batch11.log
7b1067054550c3915496a452a526666e4378469867d16607e388861fd7685f52	312	extension/N425.batch11.metadata.json
08af4eebdb976b7b66683372cba23a68091007ea795a1fcc0769f308797c5c2e	293295	extension/N425.batch12.csv.gz
9adf1bdbcb93fda381f4651ec745cd8e2049215767d61350be75b10505291a8b	57	extension/N425.batch12.log
c6ed945417c7270b9271d5014f719a34aa8ff3249d495c774e62ca54295247d0	312	extension/N425.batch12.metadata.json
b50387325aaea8868245630448d200493cd2d79e825ca4dc407acbe8d23c8d8a	301130	extension/N425.batch13.csv.gz
58ecd7e40f8c4511670e39807335fbdc1f311f1e98b28b61063b8264b2911b1e	57	extension/N425.batch13.log
7516fb3477146e9c6c19e155abbcda4330dd559afa75f712fa0b0b437eebbcd9	312	extension/N425.batch13.metadata.json
a139ed875945c0b4ffbf096bb867e085c6bf04827d96ae80a45bd7c8995bf60e	341314	extension/N425.batch14.csv.gz
be5f1defa9ffaa643a6bd61a8c0022dca50732e842f6eb0e84dbe0eee77c6c62	57	extension/N425.batch14.log
5d2b40405c5d5085f4f89d9144e3cbe9a15b4187050dcb503b3c27b0ad390722	312	extension/N425.batch14.metadata.json
054a6b407c066c71c56362b1afcbe2f559cfc44acd56ac525cb40b46dd2f7420	311894	extension/N425.batch15.csv.gz
291669d18626e1da29cd0304483cad2e8b3a53a7573c56848a6f5abc562c21f3	57	extension/N425.batch15.log
2ea3cac4e98d2499c17f78c93e3638ddf7ad8d116fcf9713c630a33340798d4a	312	extension/N425.batch15.metadata.json
3dc60bcda30da949d3ba149d5ff1b1f7c2a7e20f11297dc516296d4b8ffd9929	238272	extension/N425.batch16.csv.gz
125fc0e76db249bec817669a393438f74b569ce583bb3ca1d297d092852c3211	57	extension/N425.batch16.log
661cd94607326f45800fbd425f289bc294bb0b1d1cfa76d6f8e7e2622f0d2fda	312	extension/N425.batch16.metadata.json
b75e34ad82c9c50bc75311ebc405b5a7ae0c60761ef31a6a33fe40808395f159	290353	extension/N425.batch17.csv.gz
4b24275c1263e35b9793e2267cdc354fd77883411af292bcf15cc4cb605bdd75	57	extension/N425.batch17.log
2d7674e494716be22a635cb3be797e288d8bd6941157c3e2b3a5d5416da37bbe	312	extension/N425.batch17.metadata.json
42c4f2aa5345c606169cd5b81076ff113e1cbf3adf9774e9ad34f81262eaa29d	286492	extension/N425.batch18.csv.gz
7f5675e94b9234b7123a89fa531f410e76217aa0853eeafa79079d8a2ea03e8e	57	extension/N425.batch18.log
36e888e468776fb83e48a1e293ad907c8d80932790688cb37d124e0957396279	312	extension/N425.batch18.metadata.json
ed3ea7ca4ddb84af7400e38803a19cf4988fe458933afaae32e4aebbedb2d1a5	231762	extension/N425.batch19.csv.gz
e87c351b9c63f0da51298a99d9e3433a6144501218ff7caff197e154f962864e	58	extension/N425.batch19.log
26b2df1aef12327848fba8e36c65a071e7ce34ba861bb82e1d6a743419c4bab4	312	extension/N425.batch19.metadata.json
e6bd3faf1d43700829affc4bed36032c60207c0572d027af39d552b7cf28d837	655	extension/preflight.json
f1d470548c3dc64e77b17f3326303c24f538c7b3679d56c169df0b24fd62a5b8	6752	extension/run_receipt.json
f85aac19d3213bd047389b363c411c0f209de9a2f459a1f4ee481c01c94293a0	469	extension-run.log
7235d76a8b1c98d90b3269af0bca7163893aebd04e89f0b88a7a53ff9ac28f33	4744	independent_review/FORMULAS.md
90190c785c2cf4e5bb6be7f4d43a7b04d096274d932ff638639adbd71c997e0f	1700	independent_review/compare_production.py
c74b4dbd2052a78c9fbdc22b31fec19f51bf2fdc701d5239640aff559f25d4cd	498	independent_review/production_comparison.json
84fdd5e5a9162f21037717030fbd65a5c5db95009ca898aea3adc844b98ddfe7	1498	independent_review/verification.json
f5b71e64e5fc18e43a24ecac66d24c425d3d1a6c5cbe36876b4cf28fbecda0b0	7699	independent_review/verify_ustat.py
64dde396ce461385f75ae486957a2e1eef13dab05c23770f9924dd111ae85205	907961	inputs/common_label_score.json
061872c045c5d7276fc96489d6c41e8086ed483d8801fac6876a95c1056b3722	171798	inputs/contact/N325.batch00.csv.gz
a7030c3a5be2f549b729abbd211b3fb084ff4b3b4212ab9e13230e86ee2cbabf	171778	inputs/contact/N325.batch01.csv.gz
616f493b4735f20c8530ef633e6fe5b00d2c1ca0beeda1c938facb1b298e385a	171923	inputs/contact/N325.batch02.csv.gz
5397675eedc0ced80855fcce9bbee6015a36507bfaf77a90169d54a73ce5b73c	171860	inputs/contact/N325.batch03.csv.gz
901bfd2e413799075a90f6710b29d5d9ceb6b7ac4de318fce56f12b0b4594393	171889	inputs/contact/N325.batch04.csv.gz
03baef5f11264655c9a55884a3166661e9515ec38a0512534c4cb1814c024967	171943	inputs/contact/N325.batch05.csv.gz
3e3e6729631f85e58e0a5f646043f312e90f7b61589745e8dfbed2978d294410	171702	inputs/contact/N325.batch06.csv.gz
d0cfc58ab4ba36ef28ae8730c577a89c13381207208c3e963dfb5d8953651eab	172345	inputs/contact/N325.batch07.csv.gz
96fae7526b696f7eb323ceda7bb24d05932ad71c095972821c104f8e0b0be317	172271	inputs/contact/N325.batch08.csv.gz
1fe122aefff1443521955c5345f69e78fbc417e62450db8ccd8c7da7a6428ddd	172346	inputs/contact/N325.batch09.csv.gz
1900302c3254da310f24e8a6b7a4e8a3cf3b302ad9050da3996a46ab86ca18aa	173865	inputs/contact/N325.batch10.csv.gz
bf36a75d6e5a53c5562979a56d8af18b3eda86891ef343753c8ab6bab485cd9a	173605	inputs/contact/N325.batch11.csv.gz
d95b7c3d9098bcec748c7286dfcc3e6a9752b4d4257f1b33b3e98307597c7ccb	173868	inputs/contact/N325.batch12.csv.gz
450f3efb209408dca45269d059a593345fd554ecd11dcd7e060df6cf2e5feb6a	173424	inputs/contact/N325.batch13.csv.gz
168287ffaebb71e9b0bb1f11d50bb74f69ead75caa8037b8651d12f64d1e4dfb	174019	inputs/contact/N325.batch14.csv.gz
2895527a784ed8e900ea2ffabb843161d63f5fcd8f48ea9b5b32891eddff2cb1	173719	inputs/contact/N325.batch15.csv.gz
711b7eaa3329242ccaa5b4922c0bbc77090d5fdb8ec399dd17e4a90075f0b7fe	173622	inputs/contact/N325.batch16.csv.gz
29c6144559b70115809c8da2658f2906ae516a24df720359bf4841c3f5936d56	174095	inputs/contact/N325.batch17.csv.gz
c53ee32b2d9ee5b920823ed1c228bf5913c82578aa0d437b5a45e5b692998733	173630	inputs/contact/N325.batch18.csv.gz
e26bb177e06f961465e168f78c3052a7c57689f9ffedf3319568f298e9f2ae1b	173561	inputs/contact/N325.batch19.csv.gz
d526f24d950c2a1bc19938c198df144bb2ce295adf55392a465b82ff802326af	173692	inputs/contact/N425.batch00.csv.gz
325c0685625cbb1acddaa255d250e0990ec53075e996f8ebe0799d4ebf67df06	173873	inputs/contact/N425.batch01.csv.gz
fae1bc36d275e7fe248ad3336b39feadbd1be81d0ff04654cab958d2d09fd97f	174121	inputs/contact/N425.batch02.csv.gz
5b0bf41fce2abc9114e61f39bdcb97681b2539e687b334fbf7693633eba32931	173900	inputs/contact/N425.batch03.csv.gz
402307c162050182e7d93ee4b16d864541fafe4bf63651c0960ef3fa7a9185f4	174220	inputs/contact/N425.batch04.csv.gz
8aa304f265429ee8cac5a1ad489e1c4fdab65e368438c0a8e4d1cdba3000acf0	174022	inputs/contact/N425.batch05.csv.gz
28b1abf57d48d759b7c1f89f41953d6225ee3fa2ccadf10fed7b25e52b8e148d	173964	inputs/contact/N425.batch06.csv.gz
c2a36974423faa8a7a2adca4849e2de435f9c60e75992ebba435c7717b67f915	174290	inputs/contact/N425.batch07.csv.gz
e33eb9ef1437f97b276b42997e67d3edfb0fe5cb85ca102e9941ca518a70e7b1	174270	inputs/contact/N425.batch08.csv.gz
20ee978edadc21ee2ba77e973ed38efc0b24cee1ca39b2db7bc37d864a8d739c	173821	inputs/contact/N425.batch09.csv.gz
d984f594fb98fb676a733213808cf2799f31fae1882e97d3703a7f2f619c6d81	175195	inputs/contact/N425.batch10.csv.gz
52e93bdaee42b7726aa27bfe445ae71edff8d45c869f6ac8c187bc573dfa6ddb	175882	inputs/contact/N425.batch11.csv.gz
4135fba5439e0924e0c82f9f46960fc170aec62c0589e225804a28fe17a1921e	176042	inputs/contact/N425.batch12.csv.gz
4dc24d7962b341cec2edd089db4c92b8d0c5ce634ca251fca6fe38dcac0920b8	175959	inputs/contact/N425.batch13.csv.gz
2e01ff7be564d4498752f17b06b236f690da56545072d03a213c895a442e8748	175743	inputs/contact/N425.batch14.csv.gz
f11ad99f63b959fa858dbf118579606b7b33c29170a4ba85780a9cd756c7c38f	175591	inputs/contact/N425.batch15.csv.gz
32e7d648aa3655708c63017e8fa8edea2824666d661dfe4b200adda690f005f7	176239	inputs/contact/N425.batch16.csv.gz
c1f86b82dc23728deace8dfe9e06acc9f94f928e15a5b9133233ca43661033bf	175317	inputs/contact/N425.batch17.csv.gz
0e3e3a51caf3b94a6b965ed3f896fc3230bb868153c38cafc66e9af334eca43d	175656	inputs/contact/N425.batch18.csv.gz
78dc39a491e42923d13895d6dfacbcd3f47e1781a99d78fe04fee5d411fdb096	175075	inputs/contact/N425.batch19.csv.gz
5ac195c312386aa22ac14499416b2ff9d761c454c419bbed73856212f7f04f06	432525	inputs/ensemble_rank_score.json
8d38c7ef428bacfd898073c54d3e1e8dbc7943253b9538b008a307a008f40e2f	340015	inputs/forks/N325.batch00.csv.gz
b284535027ce1b04bd0703904583800b6f0d8bc207c72db5b89282169757d7f1	339667	inputs/forks/N325.batch01.csv.gz
47292e2942089b5c0eb7dd2858039f66258a8e3eda52b03e1aacba71eefdb11d	338882	inputs/forks/N325.batch02.csv.gz
889bd4cb9d3f1a91a8965f58e0c62cd18901d73b664915536af6e99c14ce4fed	344340	inputs/forks/N325.batch03.csv.gz
2303ed2db9ad400a00a3f9247934a3d9c8cc29d5cba62639ef2feff75afb108a	341778	inputs/forks/N325.batch04.csv.gz
1939dd1686a9816e18d264fd788cca070a0a7551fbaa2dca4234261567c00c0b	342672	inputs/forks/N325.batch05.csv.gz
f626a6b4b394f1c16fbc75e62aafdf3622c4eb86e722412f3ea99aa99e71dc9e	338895	inputs/forks/N325.batch06.csv.gz
3642cf101f5b983e8f5709f7d1f3849c268462753054a107362f46193dd1a6d8	345295	inputs/forks/N325.batch07.csv.gz
54f78dc467d1509f22d22d5bce67d5111cd45c96eb0641d3331b38bb0e2f1915	344117	inputs/forks/N325.batch08.csv.gz
10aff14bb1cc063b99a491d7d2bbb545399e7b12121351384b8426b55e899ab1	341995	inputs/forks/N325.batch09.csv.gz
282e431869188f688057c5ab57145fc06fcce0fa422ab0a93e1a714fc42cfe10	342064	inputs/forks/N325.batch10.csv.gz
cb891e4c8785edc269030c17674fa8fbd8c7eb954d83edd3e538968d28d88010	338934	inputs/forks/N325.batch11.csv.gz
4a25dcbba5feafd30a4dd42b901af2f8fc1ae85f938424b15d20a105bbc985ed	344029	inputs/forks/N325.batch12.csv.gz
b2ab53d2474b032470e374809f5b4d656169148d21d03c2f48c1fcb61148290d	339423	inputs/forks/N325.batch13.csv.gz
6355a00f0d832b2072fa176636d5d665641ffc5e6e3e5cea87f6901750dcd4d9	338944	inputs/forks/N325.batch14.csv.gz
0cd7ed5e63783b3ab394b0603d886a2afee6cb5b86ebf16dbb6704e57a36d0ad	340843	inputs/forks/N325.batch15.csv.gz
dc6b3a686ce528f7ae476703940ab110d04e0d2fb0c3039dc4e240679ba2573e	339480	inputs/forks/N325.batch16.csv.gz
b9c250021f98498e108993dc9f344744a454d55216194763bf88b8f8ef8aa0c2	339192	inputs/forks/N325.batch17.csv.gz
1568b816fbce756fdb2ddff6cde4860c865e03649a84d3a4bebaa9c4dee86a23	342519	inputs/forks/N325.batch18.csv.gz
10e5aae4c241c30026545524d6840db9c1eddbd30f53aadf2a4fda7c392156c9	340657	inputs/forks/N325.batch19.csv.gz
639dbc9912958ded6c350957a0db6f3fc014cf64151bd2428d2afc91e1557cf6	339426	inputs/forks/N425.batch00.csv.gz
b4d57e385fd63084d7e01353f685f1ffab718db844b7144e2ff39fc55ffff25c	342826	inputs/forks/N425.batch01.csv.gz
712cf353b564b0481e941e0489e23d6e6c5f1c07a83fc3898f07c2b887d3ea94	342605	inputs/forks/N425.batch02.csv.gz
74ee456d371735a29665a06b20586471d6593adce1557bae709b4b2be5f133df	343443	inputs/forks/N425.batch03.csv.gz
58ff7cdf0d7ee9ff9e1519308e54f28f95f72748f132062347c40fd4bd401b1f	345091	inputs/forks/N425.batch04.csv.gz
785c231f27ee2168213861c3e279e54905023031aa8c591be8ab57febb9155dc	346552	inputs/forks/N425.batch05.csv.gz
ce685dc82ce9318a64332ac0664e0350f5bcde28e62555479014ecb70216c1e7	346201	inputs/forks/N425.batch06.csv.gz
27dd170c146273afeca13f1633e24e13c4c9fbde3c8f14ae87266198a32f7b52	346786	inputs/forks/N425.batch07.csv.gz
334d6403e209a8396e822c69a205b4e15d16ec213be5c423a13989a8c56df8c6	348187	inputs/forks/N425.batch08.csv.gz
0f6b92cd69cb856ecc45c27f5a61547e1b722d3ed3b8e732e9386150f1ccde1e	343349	inputs/forks/N425.batch09.csv.gz
1fb8a7812bc7b109840e1b6dc0fe9d0db97d3a20f5edf1cf53f8dc7f3df35886	344303	inputs/forks/N425.batch10.csv.gz
03ffd77495320e123a34ce711ad1533f3cac92a5f2afe489deae646946ec33ec	343772	inputs/forks/N425.batch11.csv.gz
dac107e683b73beaee8ebfcb04bd393ddaaed01d6435315fb918dc43f15cdc5e	347205	inputs/forks/N425.batch12.csv.gz
03509b8e3fc6c502aea82b26fba2535fed1502c74cc7434fa2d2ae5fcf1c82a1	341720	inputs/forks/N425.batch13.csv.gz
6b75db060e5d59905c7029982dd24ac93f186381a8c9ca845e841d92c5e42deb	346019	inputs/forks/N425.batch14.csv.gz
57751daabed73a2eda90ea42ddd4eb11895b36341a123d04faf38739a4e4664d	344602	inputs/forks/N425.batch15.csv.gz
97fd53adfe7a0cd4b4e9aa9fbe4d9493aa6fd491df4605c05f3eed73a6d94b27	342644	inputs/forks/N425.batch16.csv.gz
72470118bbcd2f72ac7c4106e40c95a2e240861886d872abf4d3263d7bf9ee66	344403	inputs/forks/N425.batch17.csv.gz
3451c1a823c2ed2ac68a9f9b9ae962a33ec425dd14cb9666c06249d906b5e61f	344780	inputs/forks/N425.batch18.csv.gz
23a4c554a05287d90ef98d019e4322bf94789dd637b3c2f0188c8a94d35f21df	343681	inputs/forks/N425.batch19.csv.gz
4594e4ae4057f077e496417d5aa9cedb852266695c7be7c8d67417f7f337c3a1	26229	inputs/manifest.json
f6d9b2ab4fe18335bd93cf8f1315e499a3c46350d3db4a3527d39149661fd169	850080	inputs/prefix_archive/N325.csv
0a791fcefd1ea2564ca0a92ec37c62c3a3903c0598aed4b141f72b7b283c7ee4	850080	inputs/prefix_archive/N425.csv
0f10e39d39a6faaddceb82c595d654556d7bd2f619064af23337a0fed664ceb0	520	inputs/prefix_archive/manifest.json
f07f85c8d8551130da82478249470083645bc0d2caffcf205f621817bc5b219f	8356	inputs/provenance/p334_nested_next_label_forks.cpp
75c5e0a18e4e7e3f42114e04e47f61732d0997dca3ce99242ae137f35a9f10c6	2359	prepare_inputs.py
ffc928f7d01e1d60b406da14afe46bb3913b024c1b1ddc9d573f633d4cc2ac1c	204670	results/prefix_statistics_N325.npz
2659ec7e3e1678ddd4103b8d5916b9ae0d64c26dbe79e3dc58784a702cbb00c6	211070	results/prefix_statistics_N425.npz
711d83bd129584ec5cddecfd423fe534e2648a2c484904fadc39f47c22b76ab1	677	results/run_receipt.json
770af5f71db2d64bb3bfb3abf40b05ebb77a0b37201119d23f71ebf1cbb178e7	1346105	results/score.json
0a8bd345c603a3583075b84649f5c0c2454af2f055275cb4574dea1a7c085492	1506477	results-exact-score/prefix_statistics_N325.npz
65d298c3331ab77a26d34ae19df188608a919074bca5bb462cb6488ef3efe957	1564713	results-exact-score/prefix_statistics_N425.npz
5aaf7dce58fbc2fd621d647b69e3e5771c10fcef561c209e30770de746f2d64d	715	results-exact-score/run_receipt.json
66ab873dc04d796082d1f564a550cd7a1478b6d2a9c89d05f12e94770f816651	1597798	results-exact-score/score.json
be9d89e8f2eb7bf8cb9ce2168ac8737dc1466ac89d6540f8250ebf98014ef79e	1114507	results-extension/prefix_statistics_N325.npz
fa79cf810c01bca1cf560f0d1c53cf0bd47e665f9acbb1a33dd45a16f39c3154	1180216	results-extension/prefix_statistics_N425.npz
e355698abf07efc663b4e4d37a958d5b9907be488462aa78db5e1dfc8bb7e56a	494	results-extension/run_receipt.json
751f0cd0289a3d014eff60a8ab7433c2619dc82c26502393d207e043ec3b7b15	3265570	results-extension/score.json
11e2d449ed2888b82a8ff37644e89d34299fc80d6b99c778ca212d27e5b3bb34	3426	run_fixed_extension.py
6fb772d474a74c32853e1d131c2a677e2ec4e068c13699f8316ea2423a4dd262	7773	src/cell00_extension.cpp
dab91ca46c9c159bcf422ce61e02a667b234bbc9eac79be8255db041f30b275a	2633	verify_package.py
