n,a,b,orientation,batch,samples,sum_k1,sum_k2,sum_i0,sum_i1,sum_i2,sum_k,sum_kk,sum_edges,sum_i0k,sum_i2k,sum_i0kk,sum_i2kk,sum_i0edges,sum_i2edges,sum_q,sum_e,sum_s,sum_chi,sum_cb,sum_cw,sum_faces,sum_i0s,sum_i2s,sum_q_q,sum_q_e,sum_q_k,sum_q_kk,sum_q_edges,sum_q_s,sum_q_chi,sum_q_cb,sum_q_cw,sum_e_e,sum_e_k,sum_e_kk,sum_e_edges,sum_e_s,sum_e_chi,sum_e_cb,sum_e_cw,sum_k_k,sum_k_kk,sum_k_edges,sum_k_s,sum_k_chi,sum_k_cb,sum_k_cw,sum_kk_kk,sum_kk_edges,sum_kk_s,sum_kk_chi,sum_kk_cb,sum_kk_cw,sum_edges_edges,sum_edges_s,sum_edges_chi,sum_edges_cb,sum_edges_cw,sum_s_s,sum_s_chi,sum_s_cb,sum_s_cw,sum_chi_chi,sum_chi_cb,sum_chi_cw,sum_cb_cb,sum_cb_cw,sum_cw_cw
130,11,3,first,0,200,14544,16285,64,66,70,15328,1165260,18049,4619,5645,329930,451046,5060,7045,6,134,1497,411,957,540,3132,534,496,134,6,1026,121116,1985,-38,-438,-171,133,134,10264,780976,12105,1030,270,653,377,1180588,90200232,1397023,114152,28260,71719,42433,6926410368,107267924,8639776,1899284,5330088,3309688,1664361,133168,28559,81856,51312,12197,3989,8074,4123,3975,3763,226,5833,2241,1882
130,9,7,second,0,200,14563,16331,60,76,64,15328,1165260,18040,4352,5189,312368,416682,4785,6471,4,124,1425,359,894,531,3071,474,420,124,4,837,104314,1686,-54,-430,-180,126,124,9541,729050,11256,894,222,560,334,1180588,90200232,1396285,108773,24452,67031,41742,6926410368,107208748,8239758,1622232,4983152,3256606,1662488,127002,24184,76436,50566,11031,3281,7129,3902,3675,3263,18,5106,2023,1879
130,11,3,first,1,200,14399,16441,44,93,63,15405,1176760,18360,3177,5086,227016,406770,3491,6372,19,107,1375,300,847,528,3255,335,405,107,19,1909,179754,2881,70,-303,-63,133,107,8263,633786,9863,740,143,451,289,1192165,91500146,1427169,105504,20385,63899,41605,7056430568,110025132,8032494,1346508,4779378,3253116,1718264,124709,20394,73992,50717,10383,2597,6525,3858,2810,2552,45,4507,2018,1840
130,9,7,second,1,200,14667,16272,59,84,57,15405,1176760,18326,4316,4604,312474,368580,4800,5787,-2,116,1431,317,873,558,3238,464,398,116,-2,288,56106,987,-66,-384,-167,101,116,8920,681054,10587,862,214,537,325,1192165,91500146,1424373,110016,21574,65939,44077,7056430568,109797906,8393434,1428776,4939158,3454276,1711754,130210,21447,76322,53888,11027,2751,6856,4171,3299,2833,-82,4761,2095,2076
130,11,3,first,2,200,14466,16235,70,67,63,15188,1145110,17740,5005,5055,354054,401908,5421,6279,-7,133,1467,468,964,503,3020,564,436,133,-7,50,47854,858,-128,-459,-227,99,133,10060,755962,11700,1000,325,659,341,1160298,88009046,1363551,110414,31702,71083,39331,6716009684,104061382,8256908,2099458,5202110,3054798,1615248,127275,31635,79884,47391,11897,4487,8128,3769,4210,4119,368,6010,2118,1651
130,9,7,second,2,200,14766,16466,79,68,53,15188,1145110,17741,5646,4314,399298,348198,6143,5423,-26,132,1462,426,931,531,2979,647,342,132,-26,-1332,-51100,-720,-305,-523,-348,43,132,9960,747496,11566,989,333,648,341,1160298,88009046,1363380,110289,28595,68776,41513,6716009684,104032746,8264058,1869074,5041016,3223042,1614105,127558,28270,77554,50004,11736,3907,7669,4067,4066,3725,182,5523,2146,1921
130,11,3,first,3,200,14598,16333,50,81,69,15511,1193160,18486,3673,5622,267098,453750,4123,7020,19,119,1372,269,830,542,3244,360,478,119,19,1949,186652,2897,118,-343,-53,171,119,9295,720848,11143,838,109,483,355,1208671,93421722,1447093,106209,17894,63026,43183,7255899696,112368608,8159054,1144214,4744960,3414094,1743080,125996,17321,73107,52889,10310,2228,6328,3982,2861,2373,-145,4324,2004,1978
130,9,7,second,3,200,14678,16363,49,86,65,15511,1193160,18565,3589,5314,259926,430518,3986,6758,16,114,1420,298,867,553,3352,402,437,114,16,1725,170592,2772,35,-395,-123,158,114,8903,690444,10744,839,151,503,336,1208671,93421722,1453489,109600,20231,65778,43822,7255899696,112884406,8392376,1333064,4948016,3444360,1759041,130110,19794,76338,53772,11014,2719,6884,4130,3278,2801,-82,4781,2103,2027
130,11,3,first,4,200,14436,16217,55,71,74,15515,1194484,18488,3978,6070,284508,493106,4359,7684,19,129,1422,255,848,574,3228,412,513,129,19,2092,208598,3325,101,-422,-96,197,129,10048,777614,12043,925,108,526,399,1209999,93653450,1449717,109848,16184,64062,45786,7287269672,112817520,8427040,967902,4801770,3625270,1749054,130018,14125,73734,56284,11050,2489,6820,4230,3565,2816,-327,4770,2050,2180
130,9,7,second,4,200,14842,16494,66,79,55,15515,1194484,18470,4860,4488,354440,363042,5369,5703,-11,121,1462,375,913,549,3330,536,366,121,-11,-372,8602,334,-170,-429,-239,69,121,9348,717482,11072,902,255,573,329,1209999,93653450,1448747,112867,25893,69194,43673,7287269672,112774898,8652604,1745986,5203596,3449008,1748332,133217,25637,79594,53623,11700,3492,7511,4189,3765,3414,78,5343,2168,2021
130,11,3,first,5,200,14693,16406,68,69,63,15432,1181188,18333,4996,5149,363260,416830,5541,6546,-5,131,1418,371,892,526,3272,535,408,131,-5,153,53570,1005,-127,-446,-221,94,131,10145,780090,12087,943,244,591,352,1196620,92045786,1428818,108806,25437,67198,41608,7115538488,110468646,8284566,1701252,5019694,3264872,1717735,128174,25425,77302,50872,10946,3317,7068,3878,3611,3241,76,5044,2024,1854
130,9,7,second,5,200,14656,16351,58,80,62,15432,1181188,18305,4262,5021,309938,402988,4724,6314,4,120,1433,397,917,516,3270,455,402,120,4,759,93050,1590,-53,-369,-151,98,120,9283,712926,11038,857,213,537,320,1196620,92045786,1426713,109936,27479,69087,40849,7115538488,110312366,8369760,1859462,5161136,3208624,1712925,129089,27801,79240,49849,11243,3596,7393,3850,3597,3412,184,5327,2066,1784
130,11,3,first,6,200,14718,16501,64,70,66,15502,1192396,18570,4702,5376,342154,433892,5294,6774,2,130,1406,290,849,557,3358,479,446,130,2,674,91738,1480,-33,-413,-158,125,130,10078,776046,12068,925,197,562,363,1207898,93397256,1454074,108561,19391,64313,44248,7259358920,112985976,8323438,1254608,4834892,3488546,1761828,129053,18651,74592,54461,10844,2713,6762,4082,3328,2814,-101,4709,2053,2029
130,9,7,second,6,200,14701,16354,64,74,62,15502,1192396,18600,4701,5066,341816,410474,5305,6410,-2,126,1422,220,820,602,3318,474,436,126,-2,365,68658,1105,-38,-446,-179,141,126,9767,752290,11715,910,118,513,397,1207898,93397256,1456457,109821,13504,61845,47976,7259358920,113171250,8422812,764834,4628152,3794660,1767346,130791,11320,71608,59183,11152,2090,6602,4550,3646,2645,-555,4534,2068,2482
130,11,3,first,7,200,14812,16524,71,78,51,15367,1172434,18083,5132,4195,367272,341508,5638,5289,-20,122,1483,403,933,550,3119,558,346,122,-20,-937,-25764,-349,-212,-472,-281,69,122,9327,708780,10927,904,254,569,335,1187801,91156046,1405821,113205,27238,69753,43452,7035795212,108499578,8585094,1797266,5178298,3406796,1676213,131910,26817,79189,52721,11861,3715,7682,4179,3975,3609,106,5505,2177,2002
130,9,7,second,7,200,14569,16262,56,76,68,15367,1172434,18144,4033,5541,287716,447114,4381,7005,12,124,1451,355,909,542,3132,462,457,124,12,1508,159398,2624,-5,-403,-142,137,124,9574,734830,11386,919,213,572,347,1187801,91156046,1410621,110705,23867,68040,42665,7035795212,108875478,8390124,1563434,5056478,3333646,1687726,129401,23315,77670,51731,11397,3388,7390,4007,3523,3254,134,5251,2139,1868
130,11,3,first,8,200,14595,16424,72,85,43,15168,1141320,17655,5217,3456,374428,275088,5739,4289,-29,115,1418,489,939,479,2976,570,279,115,-29,-1761,-99340,-1450,-291,-430,-303,12,115,8673,649516,10028,849,310,565,284,1156488,87484338,1353249,106509,33972,69360,37149,6653050968,102911242,7938744,2321720,5080562,2858182,1594647,122428,35324,78151,44277,10974,4277,7480,3494,3771,3809,468,5493,1987,1507
130,9,7,second,8,200,14741,16474,76,71,53,15168,1141320,17646,5472,4267,390056,340096,5952,5299,-23,129,1445,484,953,492,2962,615,339,129,-23,-1205,-49960,-653,-276,-493,-320,44,129,9739,730152,11251,954,353,642,312,1156488,87484338,1352730,108506,33467,70384,38122,6653050968,102885624,8086210,2272010,5154130,2932080,1594240,124409,33946,78851,45558,11657,4627,8004,3653,4190,4162,465,5923,2081,1572
130,11,3,first,9,200,14871,16521,71,73,56,15403,1177398,18245,5157,4588,371068,372422,5701,5824,-15,127,1409,374,884,525,3216,547,363,127,-15,-569,1354,123,-184,-491,-274,90,127,9745,743490,11525,910,265,580,330,1192801,91675140,1420694,107767,25058,66128,41639,7084004820,109787518,8186372,1630042,4908884,3277488,1705149,126052,24005,75090,50962,11057,3535,7204,3853,4208,3626,-91,5278,1926,1927
130,9,7,second,9,200,14823,16375,68,73,59,15403,1177398,18257,4953,4809,357272,388308,5495,6062,-9,127,1453,356,900,553,3210,534,408,127,-9,-144,31036,567,-126,-431,-215,89,127,9762,745580,11557,942,217,575,367,1192801,91675140,1421396,111132,23832,67410,43722,7084004820,109823322,8443156,1549500,5011846,3431310,1705327,130318,23269,77077,53241,11549,3353,7388,4161,3748,3335,18,5254,2134,2027
130,11,3,first,10,200,14534,16454,57,82,61,15496,1191250,18455,4229,4964,310646,399872,4763,6256,4,118,1402,268,837,565,3227,411,425,118,4,735,89226,1493,14,-390,-129,143,118,9193,710518,11019,836,138,489,347,1206746,93230402,1443936,108244,17681,63330,44914,7237804556,112069752,8293834,1123452,4753256,3540578,1738149,128071,16638,73101,54970,10754,2272,6520,4234,3204,2543,-271,4467,2053,2181
130,9,7,second,10,200,14842,16542,71,65,64,15496,1191250,18549,5220,5177,380438,414436,5832,6497,-7,135,1423,302,859,564,3355,555,431,135,-7,-43,33998,665,-124,-469,-229,105,135,10397,794874,12329,986,255,617,369,1206746,93230402,1451850,109505,20084,64773,44732,7237804556,112722934,8365234,1294812,4847022,3518212,1758791,129643,19144,74726,54917,11109,2913,6949,4160,3560,3002,-89,4861,2088,2072
130,11,3,first,11,200,14593,16419,62,72,66,15482,1189476,18377,4502,5395,323568,437174,4948,6806,4,128,1433,315,876,557,3210,463,473,128,4,893,113606,1858,10,-432,-147,157,128,9897,760742,11754,936,206,573,363,1204958,93080856,1438288,110564,20727,66092,44472,7229648376,111727880,8473860,1308206,4947836,3526024,1729755,130168,19134,75580,54588,11397,2801,7104,4293,3653,3011,-210,4984,2120,2173
130,9,7,second,11,200,14594,16305,62,75,63,15482,1189476,18449,4536,5158,328306,418516,5076,6519,1,125,1447,278,863,584,3245,459,445,125,1,622,90210,1443,-14,-411,-150,136,125,9694,746822,11595,904,147,526,378,1204958,93080856,1443453,111663,18037,65161,46502,7229648376,112094318,8558134,1116424,4882384,3675750,1740755,132225,16604,75136,57089,11375,2581,6971,4404,3536,2853,-272,4837,2134,2270
130,11,3,first,12,200,14613,16179,57,67,76,15451,1184168,18377,4169,6131,301866,490036,4603,7700,19,133,1444,347,905,539,3273,454,537,133,19,1962,188170,3097,83,-436,-110,193,133,10300,791902,12303,991,202,606,385,1199619,92395180,1434568,110956,23256,68087,42869,7151427016,111088218,8463908,1511030,5081554,3382354,1728799,130739,22224,78030,52709,11376,3207,7333,4043,4011,3391,-184,5307,2026,2017
130,9,7,second,12,200,14522,16234,51,73,76,15451,1184168,18397,3710,6163,267324,495050,4098,7735,25,127,1420,313,879,541,3259,402,507,127,25,2453,227726,3637,105,-398,-83,188,127,9873,762374,11833,909,156,545,364,1199619,92395180,1435804,109195,20756,66202,42993,7151427016,111156660,8338198,1331036,4948480,3389718,1730491,129032,19827,76248,52784,11068,2871,7022,4046,3565,3019,-148,4979,2043,2003
130,11,3,first,13,200,14715,16293,66,71,63,15416,1178692,18232,4802,5076,345868,405184,5300,6316,-3,129,1409,334,870,539,3150,511,422,129,-3,274,59316,1016,-89,-430,-195,106,129,9878,751052,11616,933,260,595,338,1194108,91749578,1419541,107932,22272,65239,42693,7084290752,109630206,8208396,1438240,4852976,3355420,1699062,126369,21407,74396,51973,11051,3174,7068,3983,3862,3303,-129,5088,1980,2003
130,9,7,second,13,200,14445,16332,57,81,62,15416,1178692,18315,4152,5042,299190,406250,4590,6354,5,119,1436,309,875,561,3208,448,427,119,5,890,107060,1764,-21,-394,-148,127,119,9194,705440,10944,875,184,532,343,1194108,91749578,1425653,110029,20691,65805,44224,7084290752,110077762,8366846,1342846,4908376,3458470,1712985,129484,20078,75663,53821,11248,2945,7086,4162,3361,2956,-11,4947,2139,2023
130,11,3,first,14,200,14686,16416,77,70,53,15255,1155626,17903,5554,4354,396462,354378,6033,5540,-24,130,1467,437,940,527,3085,627,364,130,-24,-1200,-42084,-493,-263,-543,-338,75,130,9908,750840,11573,991,313,640,351,1170881,89260990,1382695,111064,29292,69578,41486,6848109700,106069078,8358840,1908992,5112874,3245966,1646267,128945,28630,78541,50404,11745,4056,7769,3976,4385,3949,107,5690,2079,1897
130,9,7,second,14,200,14735,16434,74,71,55,15255,1155626,17863,5307,4506,376584,365788,5725,5748,-19,129,1508,479,984,524,3087,629,362,129,-19,-801,-10796,23,-267,-532,-335,68,129,9813,742372,11473,991,330,651,340,1170881,89260990,1380568,114019,32360,72789,41230,6848109700,105980352,8567758,2131346,5344154,3223604,1643135,131847,31608,81739,50108,12446,4607,8393,4053,4609,4342,265,6200,2193,1860
130,11,3,first,15,200,14677,16313,56,72,72,15511,1193110,18444,4103,5856,297650,471694,4565,7348,16,128,1406,302,862,544,3235,420,483,128,16,1753,174044,2783,63,-397,-103,166,128,9959,769344,11913,903,163,541,362,1208621,93403562,1443741,108401,20282,65218,43183,7252085516,112082946,8296160,1320268,4895236,3400924,1735462,127715,19574,75036,52679,10938,2951,6976,3962,3428,2991,-40,4932,2044,1918
130,9,7,second,15,200,14738,16446,55,87,58,15511,1193110,18415,4034,4749,292868,385142,4439,6033,3,113,1437,350,895,542,3254,452,394,113,3,715,92274,1594,-58,-401,-173,115,113,8783,678010,10472,846,201,525,321,1208621,93403562,1441955,110805,24064,67792,43013,7252085516,111980572,8478328,1612746,5091674,3386654,1731977,130215,23629,77719,52496,11301,3349,7296,4005,3522,3235,114,5179,2117,1888
130,11,3,first,16,200,14520,16442,66,81,53,15338,1167384,18071,4797,4294,345474,344788,5338,5324,-13,119,1464,467,959,505,3200,505,398,119,-13,-503,-686,-14,-107,-382,-185,78,119,9091,690262,10662,903,304,597,306,1182722,90507174,1400721,111709,32610,71908,39801,6963337176,107739686,8465268,2238770,5351676,3113592,1669217,130666,34284,82468,48198,11660,4007,7780,3880,3685,3655,352,5625,2155,1725
130,9,7,second,16,200,14539,16355,58,86,56,15338,1167384,18002,4176,4569,297674,369206,4536,5708,-2,114,1481,409,944,537,3073,496,388,114,-2,393,71532,1172,-108,-450,-222,114,114,8745,666880,10244,884,238,560,324,1182722,90507174,1395793,112733,27426,70276,42457,6963337176,107391180,8526236,1788404,5193086,3333150,1658882,130700,26382,79127,51573,12189,4089,8085,4104,4691,4165,-76,6014,2071,2033
130,11,3,first,17,200,14603,16395,68,71,61,15464,1186196,18504,4935,4972,354372,401506,5467,6282,-7,129,1426,327,873,553,3367,529,431,129,-7,37,47134,815,-98,-473,-221,123,129,9907,755878,11749,960,257,605,355,1201660,92637928,1445239,109731,21708,65738,43993,7177488424,111982200,8383752,1391478,4911182,3472570,1749830,130294,20897,76003,54291,11168,2846,6958,4210,3861,3117,-271,4927,2031,2179
130,9,7,second,17,200,14647,16449,61,81,58,15464,1186196,18458,4484,4749,326480,385158,5023,6001,-3,119,1392,281,835,557,3275,470,391,119,-3,265,58678,978,-79,-396,-178,99,119,9233,711638,11024,861,182,520,341,1201660,92637928,1441238,106946,18579,62895,44051,7177488424,111643390,8157598,1184536,4700406,3457192,1739142,126500,17642,72560,53940,10710,2653,6642,4068,3251,2754,-101,4609,2033,2035
130,11,3,first,18,200,14612,16306,52,82,66,15483,1189500,18370,3780,5400,272034,437674,4149,6834,14,118,1423,377,907,516,3264,427,458,118,14,1620,165640,2685,31,-381,-116,147,118,9180,709708,10983,885,201,550,335,1204983,93066540,1437425,109575,25709,68452,41123,7226232240,111621938,8380712,1709152,5127752,3252960,1727312,128854,25329,78434,50420,11187,3510,7364,3823,3723,3426,84,5337,2027,1796
130,9,7,second,18,200,14599,16460,63,78,59,15483,1189500,18423,4626,4834,336432,392612,5190,6116,-4,122,1437,303,868,569,3243,483,422,122,-4,208,56180,926,-61,-401,-170,109,122,9460,729044,11306,905,199,550,355,1204983,93066540,1441646,110675,20057,65470,45205,7226232240,111955742,8464330,1277670,4899090,3565240,1737077,130510,18836,75136,55374,11281,2916,7068,4213,3545,3030,-114,4964,2104,2109
130,11,3,first,19,200,14631,16436,62,75,63,15505,1192498,18508,4578,5141,334888,415602,5123,6519,1,125,1425,302,864,561,3305,474,413,125,1,563,80714,1396,-61,-422,-179,118,125,9719,750490,11642,887,154,521,366,1208003,93371540,1449431,109867,19990,65210,44657,7253134724,112614716,8407464,1272878,4880528,3526936,1751660,129901,18539,74918,54983,11035,2840,6907,4128,3614,3016,-176,4872,2035,2093
130,9,7,second,19,200,14568,16370,62,78,60,15505,1192498,18478,4560,4886,332164,394114,5063,6173,-2,122,1445,253,848,597,3226,480,407,122,-2,326,61950,1110,-73,-437,-194,121,122,9446,726278,11236,887,163,524,363,1208003,93371540,1446815,111647,16501,64237,47410,7253134724,112392782,8561038,1027520,4825254,3735784,1745054,132057,14859,74013,58044,11261,2388,6788,4473,3325,2638,-250,4616,2172,2301
130,11,3,first,20,200,14562,16268,58,69,73,15522,1195212,18578,4226,5918,304776,475228,4705,7453,15,131,1421,268,852,569,3324,445,498,131,15,1692,170452,2748,53,-402,-109,162,131,10144,780004,12158,943,180,569,374,1210734,93695568,1456388,109809,17457,64479,45330,7287002592,113267648,8423666,1087394,4840756,3582910,1763856,130195,15805,74374,55821,11057,2580,6845,4212,3438,2808,-228,4772,2073,2139
130,9,7,second,20,200,14844,16453,72,68,60,15522,1195212,18579,5303,4915,386600,398818,5948,6263,-12,132,1380,288,828,552,3345,527,389,132,-12,-388,12218,315,-138,-438,-222,84,132,10218,785418,12211,916,200,552,364,1210734,93695568,1456191,106534,19146,62646,43888,7287002592,113232482,8163938,1227284,4701720,3462218,1762551,126348,18461,72562,53786,10322,2532,6358,3964,2994,2544,-12,4340,2018,1946
130,11,3,first,21,200,14554,16389,55,82,63,15508,1192662,18511,3992,5171,286808,420214,4425,6574,8,118,1447,319,887,560,3322,442,445,118,8,1179,133406,2149,3,-379,-129,132,118,9163,707022,10999,887,171,533,354,1208170,93352536,1448871,111662,21647,67244,44418,7246829628,112474198,8550846,1430344,5057298,3493548,1748349,132304,21479,77966,54338,11439,3026,7234,4205,3259,2953,73,5029,2205,2000
130,9,7,second,21,200,14625,16289,55,70,75,15508,1192662,18510,4045,6062,294590,485410,4519,7593,20,130,1452,288,880,572,3290,457,512,130,20,2017,190820,3074,55,-427,-121,176,130,10107,780000,12112,969,173,581,388,1208170,93352536,1448729,111775,19026,66409,45366,7246829628,112458914,8539380,1211220,4970710,3568670,1747860,132032,17882,76494,55538,11730,3043,7414,4316,3734,3175,-132,5234,2180,2136
130,11,3,first,22,200,14743,16590,75,75,50,15328,1165876,18073,5484,4078,396836,330142,6091,5147,-25,125,1464,427,933,531,3172,594,354,125,-25,-1406,-66694,-944,-240,-455,-285,45,125,9562,726978,11238,948,271,597,351,1181204,90351980,1400842,111631,29145,69685,41946,6951190664,107797612,8450392,1932290,5157994,3292398,1674785,130236,28828,79060,51176,11862,3978,7800,4062,4147,3835,143,5675,2125,1937
130,9,7,second,22,200,14494,16286,61,79,60,15328,1165876,18108,4399,4886,313898,394336,4771,6192,-1,121,1472,349,910,562,3129,495,416,121,-1,487,80438,1421,-79,-444,-201,122,121,9285,708234,10963,911,220,565,346,1181204,90351980,1403866,112103,23266,67928,44175,6951190664,108050190,8475800,1500478,5028358,3447442,1683146,131141,21774,77168,53973,11886,3409,7608,4278,3917,3441,-32,5424,2184,2094
130,11,3,first,23,200,14551,16270,60,75,65,15356,1170474,18157,4343,5257,311556,421426,4823,6559,5,125,1441,364,905,536,3165,458,452,125,5,914,109870,1736,-6,-355,-118,112,125,9600,732982,11382,910,221,568,342,1185830,90907032,1410172,110036,24394,67672,42364,7009056756,108726486,8349306,1587032,5023104,3326202,1689155,129085,23947,77384,51701,11335,3199,7264,4071,3500,3172,27,5159,2105,1966
130,9,7,second,23,200,14716,16245,67,73,60,15356,1170474,18185,4854,4913,348314,398552,5379,6221,-7,127,1380,363,868,512,3192,491,412,127,-7,59,50238,842,-79,-428,-190,111,127,9767,746866,11600,903,204,550,353,1185830,90907032,1412365,105549,24566,65087,40462,7009056756,108896824,8019476,1617562,4843638,3175838,1694227,124303,24469,74807,49496,10388,3071,6690,3698,3429,3036,35,4768,1922,1776
130,11,3,first,24,200,14624,16477,66,77,57,15523,1195678,18495,4863,4708,354606,385578,5447,6005,-9,123,1460,373,912,548,3345,508,388,123,-9,-155,30972,558,-120,-451,-224,104,123,9571,740184,11452,896,205,546,350,1211201,93792986,1451168,112536,25403,68892,43644,7302271460,113006194,8613002,1679462,5161718,3451284,1751929,132479,24965,79001,53478,11752,3606,7619,4133,3903,3529,77,5462,2157,1976
130,9,7,second,24,200,14686,16369,62,71,67,15523,1195678,18505,4519,5490,325896,445686,5009,6956,5,129,1391,284,840,551,3266,465,455,129,5,971,119790,1947,-10,-473,-177,167,129,10009,771582,11965,920,185,555,365,1211201,93792986,1451764,107421,18292,63342,44079,7302271460,113035750,8239820,1119638,4739624,3500196,1752337,126999,16492,72719,54280,10699,2677,6683,4016,3800,3002,-325,4754,1929,2087
130,11,3,first,25,200,14558,16350,58,80,62,15516,1194186,18511,4239,5049,306956,407154,4749,6354,4,120,1438,322,882,556,3317,439,444,120,4,810,100198,1605,5,-425,-150,155,120,9288,714110,11103,883,173,530,353,1209702,93558816,1449829,111172,21558,66770,44402,7270630092,112638218,8531448,1397466,5014556,3516892,1747681,131952,21129,77343,54609,11296,2831,7066,4230,3674,3040,-209,4978,2088,2142
130,9,7,second,25,200,14582,16403,56,77,67,15516,1194186,18571,4117,5482,299920,444176,4620,6925,11,123,1414,309,867,547,3364,417,468,123,11,1365,144256,2305,51,-364,-95,146,123,9599,744096,11545,885,170,533,352,1209702,93558816,1454737,109280,20873,65759,43521,7270630092,113034212,8383528,1369336,4948560,3434968,1760049,129914,20607,76413,53501,10908,2659,6809,4099,3249,2772,-113,4743,2066,2033
130,11,3,first,26,200,14641,16456,64,79,57,15331,1165596,18048,4716,4588,344352,365842,5315,5692,-7,121,1474,393,930,544,3110,494,383,121,-7,-128,21490,377,-111,-382,-186,75,121,9304,710194,11007,877,214,542,335,1180927,90219666,1396050,112403,27193,69734,42669,6925746240,107101566,8505546,1844404,5185720,3319826,1659574,131065,28002,79722,51343,11908,3693,7745,4163,3683,3497,196,5528,2217,1946
130,9,7,second,26,200,14710,16320,67,71,62,15331,1165596,18119,4912,4977,356646,395660,5469,6161,-5,129,1428,343,883,545,3131,535,411,129,-5,65,39014,692,-124,-397,-196,72,129,9889,752306,11630,946,231,586,360,1180927,90219666,1402137,108949,23502,66258,42691,6925746240,107615416,8247148,1573990,4930076,3317072,1674977,127808,23656,76078,51730,11048,3088,7006,4042,3205,2948,140,4879,2127,1915
130,11,3,first,27,200,14607,16264,53,77,70,15489,1191370,18460,3836,5709,274810,462002,4233,7197,17,123,1442,331,895,547,3302,395,505,123,17,1873,187192,2964,110,-345,-56,166,123,9545,736812,11430,900,175,546,354,1206859,93402266,1447182,111115,21784,67386,43729,7273978844,112701610,8511198,1373522,5035956,3475242,1749114,131465,20565,77497,53968,11480,2976,7283,4197,3815,3223,-247,5225,2058,2139
130,9,7,second,27,200,14797,16450,65,72,63,15489,1191370,18519,4765,5147,345906,417504,5312,6549,-2,128,1440,312,875,565,3342,508,438,128,-2,382,71598,1237,-70,-452,-197,127,128,9912,763410,11861,946,218,581,365,1206859,93402266,1451624,111079,20247,65854,45225,7273978844,113030686,8515964,1250650,4919106,3596858,1759205,131956,18681,75937,56019,11356,2814,7050,4306,3656,3009,-195,4931,2119,2187
130,11,3,first,28,200,14684,16275,57,76,67,15482,1189870,18427,4147,5442,298712,438272,4548,6832,10,124,1399,353,881,518,3298,444,427,124,10,1295,139560,2284,-17,-357,-125,108,124,9589,736984,11380,871,225,553,318,1205352,93166496,1442709,107808,24047,66575,41233,7242136436,112140410,8254194,1594770,4994262,3259932,1739783,127112,23778,76587,50525,10663,3120,6883,3780,3357,3060,60,4909,1974,1806
130,9,7,second,28,200,14630,16325,60,78,62,15482,1189870,18483,4339,5074,310608,411556,4763,6443,2,122,1388,300,845,543,3301,445,431,122,2,735,100948,1680,-14,-420,-156,142,122,9413,722164,11206,876,198,538,338,1205352,93166496,1447725,106943,19456,63567,43376,7242136436,112577154,8188240,1205804,4747496,3440744,1752627,126602,17628,72955,53647,10730,2816,6766,3964,3644,3020,-204,4815,1951,2013
130,11,3,first,29,200,14542,16213,57,74,69,15375,1172396,18233,4118,5567,294318,444776,4520,6960,12,126,1418,318,874,544,3176,445,461,126,12,1449,150458,2440,16,-420,-139,155,126,9685,739094,11480,906,204,561,345,1187771,91014634,1415085,108419,21196,65532,42887,7007958760,108932578,8226612,1371338,4874204,3352408,1696315,127299,20651,75195,52104,10928,2982,6963,3965,3470,3016,-34,4920,2043,1922
130,9,7,second,29,200,14519,16431,61,79,60,15375,1172396,18109,4405,4890,314676,394470,4769,6098,-1,121,1465,422,943,522,3156,531,399,121,-1,485,79794,1329,-132,-485,-248,116,121,9295,709146,10867,930,299,614,316,1187771,91014634,1405942,111686,29329,70750,40936,7007958760,108262004,8448062,2001200,5264528,3183534,1675215,129797,29782,80454,49343,11933,4195,7998,3935,4114,3912,283,5831,2167,1768
130,11,3,first,30,200,14816,16374,75,64,61,15371,1172902,18081,5434,4976,389458,402366,5950,6277,-14,136,1470,430,943,527,3140,587,427,136,-14,-458,12908,327,-160,-440,-232,72,136,10410,791824,12227,1014,312,656,358,1188273,91211546,1406404,112124,29344,70505,41619,7043505956,108629346,8497300,1953300,5231754,3265546,1678723,130397,29000,79862,50535,11934,3982,7878,4056,3970,3756,226,5701,2177,1879
130,9,7,second,30,200,14597,16211,70,64,66,15371,1172902,18151,5074,5395,364082,437030,5553,6802,-4,136,1406,318,860,546,3098,549,458,136,-4,321,72948,1249,-91,-537,-246,155,136,10469,801112,12355,1007,205,604,403,1188273,91211546,1411452,107726,20199,64123,43603,7043505956,108985564,8206802,1214394,4747072,3459730,1689559,126122,17861,72616,53506,11262,2939,7055,4207,4412,3407,-468,5108,1947,2260
130,11,3,first,31,200,14712,16288,60,82,58,15477,1188070,18461,4350,4712,312370,378994,4816,5935,-2,118,1429,339,883,546,3323,473,390,118,-2,362,66624,1119,-83,-401,-183,100,118,9062,691364,10751,863,213,537,326,1203547,92829506,1442348,109878,23148,66694,43184,7193261540,111755886,8385246,1545610,4998740,3386506,1739413,129695,22982,76898,52797,11155,3264,7168,3987,3451,3157,107,5071,2097,1890
130,9,7,second,31,200,14552,16301,56,73,71,15477,1188070,18493,4070,5717,293066,455818,4493,7160,15,127,1421,274,855,566,3290,431,467,127,15,1647,162752,2667,36,-379,-108,144,127,9787,748884,11653,898,183,548,350,1203547,92829506,1444925,109377,18236,64630,44747,7193261540,111963538,8354936,1177760,4847724,3507212,1746149,129340,17307,74657,54683,11129,2677,6921,4208,3104,2701,-24,4757,2164,2044
130,11,3,first,32,200,14539,16266,69,63,68,15290,1160220,17910,5024,5476,362586,437122,5526,6830,-1,137,1510,431,970,540,3051,550,481,137,-1,452,74536,1304,-69,-486,-209,140,137,10500,799708,12356,1031,264,647,384,1175510,89698524,1384384,114662,29102,72108,42554,6882738456,106209422,8650350,1915562,5320224,3330126,1642060,133030,28692,81513,51517,12602,4059,8296,4306,4445,4009,50,6048,2248,2058
130,9,7,second,32,200,14638,16464,71,78,51,15290,1160220,18012,5197,4123,377098,330434,5821,5128,-20,122,1416,418,907,509,3140,525,343,122,-20,-1074,-46664,-693,-182,-386,-223,41,122,9320,707532,10949,868,282,565,303,1175510,89698524,1392398,107520,28962,67704,39816,6882738456,106837580,8107530,1969170,5015018,3092512,1661436,125289,29972,77284,48005,10990,3670,7239,3751,3424,3354,316,5185,2054,1697
130,11,3,first,33,200,14590,16348,63,73,64,15364,1170688,18162,4573,5118,328524,405500,4992,6367,1,127,1426,441,934,492,3239,497,423,127,1,545,76976,1375,-74,-409,-178,104,127,9691,734024,11359,920,283,602,318,1186052,90813014,1409290,108625,30762,69966,38659,6986814776,108457784,8210258,2108090,5197662,3012596,1687504,126543,31330,79624,46919,11200,4150,7638,3562,3939,3840,310,5650,1988,1574
130,9,7,second,33,200,14689,16490,78,65,57,15364,1170688,18191,5704,4614,412916,369746,6337,5817,-21,135,1406,369,877,529,3196,569,405,135,-21,-1090,-43170,-520,-164,-477,-253,89,135,10318,782662,12154,974,285,619,355,1186052,90813014,1411245,107497,25259,65833,41664,6986814776,108587282,8154168,1689530,4900264,3253904,1690871,126311,25189,75490,50821,10668,3030,6767,3901,3535,3044,-14,4779,1988,1913
130,11,3,first,34,200,14621,16360,61,76,63,15442,1182598,18292,4464,5154,323174,417584,4916,6508,2,124,1419,339,880,539,3189,499,407,124,2,690,94410,1592,-92,-478,-223,131,124,9618,740758,11424,906,214,561,345,1198040,92193704,1426310,108769,22857,66158,42611,7129050068,110313974,8274624,1495654,4932344,3342280,1709650,127421,22091,75552,51869,11167,3367,7221,3946,3915,3402,-35,5200,2021,1925
130,9,7,second,34,200,14518,16310,57,81,62,15442,1182598,18391,4168,5037,301760,405506,4645,6343,5,119,1404,341,875,529,3290,452,398,119,5,869,103746,1698,-54,-387,-161,107,119,9205,707266,10988,850,207,531,319,1198040,92193704,1433504,107747,23452,66034,41713,7129050068,110831408,8208204,1574718,4943334,3264870,1726025,127153,23675,76263,50890,10838,3130,6957,3881,3277,3010,120,4903,2054,1827
130,11,3,first,35,200,14764,16468,66,78,56,15432,1181220,18289,4859,4517,354146,361040,5423,5663,-10,122,1414,346,875,539,3203,491,383,122,-10,-342,6894,240,-108,-416,-201,93,122,9376,715186,11086,874,230,547,327,1196652,92054604,1425515,108627,23729,66007,42620,7117063800,110227688,8280870,1585912,4936838,3344032,1709951,127424,23658,75661,51763,10878,2974,6872,4006,3408,2983,-9,4827,2045,1961
130,9,7,second,35,200,14721,16533,70,70,60,15432,1181220,18321,5155,4905,375510,397076,5738,6174,-10,130,1438,328,878,560,3217,538,407,130,-10,-250,21566,436,-131,-441,-221,90,130,10060,772586,11912,945,195,565,380,1196652,92054604,1427871,110378,21924,66026,44352,7117063800,110398622,8407484,1414942,4921996,3485488,1715563,129808,21032,75638,54170,11342,3141,7176,4166,3710,3205,-64,5080,2096,2070
130,11,3,first,36,200,14556,16314,54,79,67,15493,1190756,18556,3938,5467,284330,442074,4415,6898,13,121,1435,244,846,589,3307,413,476,121,13,1529,157744,2483,63,-426,-121,184,121,9405,726404,11313,889,120,511,378,1206249,93180508,1451493,110779,15432,63870,46909,7234680136,112650956,8489832,916468,4782022,3707810,1757124,131789,13628,73950,57839,11201,2376,6820,4381,3716,2833,-457,4766,2054,2327
130,9,7,second,36,200,14703,16384,67,70,63,15493,1190756,18487,4922,5145,358066,416324,5511,6522,-4,130,1406,266,834,572,3260,487,425,130,-4,223,58258,1011,-62,-426,-179,117,130,10067,774390,12033,912,178,543,369,1206249,93180508,1446522,108575,17398,63098,45477,7234680136,112301414,8322856,1088634,4734874,3587982,1746281,128794,16105,72955,55839,10780,2316,6517,4263,3250,2570,-254,4454,2063,2200
130,11,3,first,37,200,14542,16322,59,68,73,15420,1180016,18321,4298,5898,310018,472454,4811,7376,14,132,1403,315,866,537,3216,412,498,132,14,1600,162436,2565,86,-358,-70,156,132,10196,782472,12187,910,164,544,366,1195436,91987252,1428250,107745,20951,65148,42597,7117620448,110515650,8217246,1345046,4862364,3354882,1719099,127111,20082,74879,52232,10849,2755,6845,4004,3293,2845,-90,4810,2035,1969
130,9,7,second,37,200,14414,16207,51,79,70,15420,1180016,18324,3660,5702,259898,460280,3971,7195,19,121,1451,350,910,541,3254,420,480,121,19,2042,200382,3224,60,-387,-103,163,121,9362,720178,11166,900,199,559,341,1195436,91987252,1428724,111238,23546,68413,42825,7117620448,110570420,8469674,1537100,5103578,3366096,1720896,130773,22845,78421,52352,11499,3323,7441,4058,3548,3242,81,5290,2151,1907
130,11,3,first,38,200,14636,16390,67,74,59,15316,1163468,17985,4882,4747,352218,378154,5348,5909,-8,126,1451,447,945,506,3116,574,379,126,-8,-135,25936,561,-195,-499,-284,89,126,9629,730372,11257,953,295,620,333,1178784,89992036,1391452,110136,30795,70398,39738,6904297912,106781116,8295436,2078312,5199842,3095594,1654361,127611,30958,79565,48046,11459,4236,7750,3709,4407,4072,164,5769,1981,1728
130,9,7,second,38,200,14594,16373,55,80,65,15316,1163468,18034,3969,5209,283390,414276,4309,6450,10,120,1456,412,939,517,3130,455,440,120,10,1240,130886,2141,-15,-375,-135,120,120,9178,697666,10759,895,237,571,324,1178784,89992036,1394958,110804,28458,70251,40553,6904297912,107028290,8368628,1926398,5212956,3155672,1661810,129271,28968,80190,49081,11642,3857,7742,3900,3700,3591,266,5599,2143,1757
130,11,3,first,39,200,14677,16494,69,77,54,15373,1172594,18225,5028,4415,362722,357566,5621,5584,-15,123,1466,401,926,540,3253,563,394,123,-15,-613,-5156,-37,-169,-446,-246,77,123,9443,720288,11205,957,274,608,349,1187967,91096600,1415997,111944,27525,69428,42516,7022604124,109168186,8489774,1849026,5166822,3322952,1700255,131398,27963,79662,51736,11740,3729,7650,4090,3789,3536,193,5470,2180,1910
130,9,7,second,39,200,14655,16417,62,79,59,15373,1172594,18119,4532,4787,327902,384900,5025,5975,-3,121,1421,360,889,532,3106,474,404,121,-3,255,56998,950,-70,-401,-175,105,121,9319,712802,11000,878,231,553,325,1187967,91096600,1407457,108732,24559,66773,41959,7022604124,108490664,8259196,1634390,4975292,3283904,1679175,127180,24338,76234,50946,10867,3135,6966,3901,3648,3191,-56,4991,1975,1926
130,11,3,first,40,200,14463,16272,53,83,64,15426,1180070,18316,3862,5177,278236,415280,4274,6501,11,117,1448,301,880,568,3191,426,444,117,11,1315,137044,2227,18,-397,-131,149,117,9039,693516,10775,870,169,525,345,1195496,91904812,1426732,111164,19859,66169,44995,7101226516,110259796,8469046,1257718,4931904,3537142,1714620,131008,18673,75954,55054,11442,2844,7152,4290,3615,3031,-187,5026,2126,2164
130,9,7,second,40,200,14633,16279,66,71,63,15426,1180070,18242,4848,5128,351990,413658,5415,6443,-3,129,1465,378,920,545,3194,528,440,129,-3,280,61668,1028,-88,-415,-187,99,129,9976,765648,11858,968,249,607,361,1195496,91904812,1420566,112624,26010,69457,43167,7101226516,109750730,8593426,1740430,5197762,3395664,1698538,132353,26201,79791,52562,11695,3327,7467,4228,3624,3268,59,5274,2193,2035
130,11,3,first,41,200,14612,16418,57,70,73,15517,1194612,18479,4170,5943,302104,479042,4584,7469,16,130,1475,347,919,556,3309,469,504,130,16,1773,176938,2885,35,-403,-119,154,130,10113,781146,12053,973,229,609,364,1210129,93639006,1449132,113662,23353,69394,44268,7281922896,112741952,8697958,1527740,5201318,3496640,1748573,134008,22383,79638,54370,12015,3488,7769,4246,3875,3480,8,5565,2204,2042
130,9,7,second,41,200,14654,16395,62,71,67,15517,1194612,18455,4491,5493,321896,445722,4899,6914,5,129,1430,301,868,562,3239,504,435,129,5,1002,123826,2015,-69,-490,-215,146,129,9984,767618,11813,939,198,571,368,1210129,93639006,1446984,109807,19585,65197,44610,7281922896,112551802,8374064,1225526,4861708,3512356,1742617,128756,17751,74261,54495,11368,3181,7240,4128,4003,3347,-166,5186,2054,2074
130,11,3,first,42,200,14603,16310,68,75,57,15295,1160396,18002,4934,4559,354316,361032,5407,5670,-11,125,1439,400,914,525,3107,525,371,125,-11,-375,6716,263,-154,-387,-208,54,125,9493,715348,11077,896,291,588,308,1175691,89657482,1390909,109224,27511,68180,41044,6872617840,106618210,8226706,1852834,5043128,3183578,1656812,127203,27972,77719,49484,11403,3817,7533,3870,3632,3531,286,5428,2105,1765
130,9,7,second,42,200,14713,16418,67,78,55,15295,1160396,18018,4842,4449,346238,356528,5362,5562,-12,122,1455,397,920,535,3120,517,404,122,-12,-393,10290,200,-113,-439,-215,102,122,9291,702766,10924,921,249,579,342,1175691,89657482,1391684,110820,27127,68777,42043,6872617840,106641670,8375984,1807750,5097012,3278972,1657632,129466,27308,78487,50979,11663,3556,7553,4110,3919,3518,38,5428,2125,1985
130,11,3,first,43,200,14750,16316,60,81,59,15509,1193198,18487,4405,4799,320338,386728,4902,6082,-1,119,1461,328,894,567,3306,481,401,119,-1,394,66390,1180,-80,-423,-192,112,119,9204,707066,10984,882,211,546,336,1208707,93455482,1447956,112537,21905,67418,45119,7261268236,112499122,8606738,1416960,5045044,3561694,1745981,132704,21030,77457,55247,11769,3227,7458,4311,3872,3338,-111,5302,2156,2155
130,9,7,second,43,200,14366,16311,51,73,76,15509,1193198,18571,3690,6173,264116,496500,4036,7760,25,127,1406,275,853,553,3337,398,510,127,25,2483,232384,3724,112,-385,-73,185,127,9863,760616,11796,908,145,539,369,1208707,93455482,1454639,108363,18006,64426,43937,7261268236,113027236,8290914,1132086,4827692,3463222,1762023,128634,16984,74671,53963,10872,2538,6761,4111,3243,2698,-160,4693,2068,2043
130,11,3,first,44,200,14584,16379,60,80,60,15367,1171514,18176,4341,4908,310726,397502,4775,6212,0,120,1427,343,885,542,3152,477,400,120,0,567,86776,1437,-77,-399,-178,101,120,9249,708228,10987,877,195,536,341,1186881,90954490,1411315,108983,23174,66362,42621,7006347676,108728088,8261078,1524026,4935940,3325138,1690510,127474,22737,75824,51650,11113,3118,7077,4036,3383,3051,67,4975,2102,1934
130,9,7,second,44,200,14573,16445,61,76,63,15367,1171514,18196,4403,5116,314546,411336,4829,6462,2,124,1505,395,951,554,3224,524,437,124,2,713,96790,1633,-87,-441,-202,115,124,9519,725882,11291,961,253,608,353,1186881,90954490,1412848,114785,26954,71226,43559,7006347676,108844770,8688726,1796104,5290810,3397916,1693904,134475,26884,81496,52979,12341,3804,8029,4312,3827,3595,209,5711,2318,1994
130,11,3,first,45,200,14593,16423,66,72,62,15448,1184282,18343,4830,5120,349718,419166,5358,6520,-4,128,1408,328,866,542,3223,517,421,128,-4,290,69448,1162,-96,-494,-231,135,128,9950,768884,11878,938,200,567,371,1199730,92487070,1432405,108447,21621,65179,43268,7170221644,111042844,8295790,1365794,4865516,3430274,1722701,127735,20351,74624,53111,11042,2994,6970,4072,3950,3225,-231,4982,1988,2084
130,9,7,second,45,200,14467,16349,67,67,66,15448,1184282,18340,4889,5421,353058,441516,5434,6868,-1,133,1461,312,886,575,3204,527,467,133,-1,532,88458,1434,-60,-419,-173,113,133,10310,794574,12302,994,189,591,403,1199730,92487070,1431999,112453,20635,66810,45643,7170221644,110998786,8593732,1307530,4994860,3598872,1721268,132758,19612,76902,55856,11565,2771,7138,4427,3382,2867,-96,4916,2222,2205
130,11,3,first,46,200,14627,16376,63,75,62,15458,1185206,18386,4644,5072,338884,411174,5192,6425,-1,125,1398,263,830,568,3191,462,426,125,-1,428,72290,1233,-36,-407,-159,123,125,9716,750058,11617,888,151,519,369,1200664,92512642,1435047,107530,17400,62679,44851,7163370124,111113410,8208608,1107730,4694314,3514294,1726966,126905,16282,72210,54695,10696,2426,6543,4153,3021,2520,-94,4452,2091,2062
130,9,7,second,46,200,14769,16369,72,60,68,15458,1185206,18344,5288,5537,384462,446634,5883,6966,-4,140,1422,352,885,537,3238,555,450,140,-4,249,62172,1083,-105,-459,-212,107,140,10825,831096,12849,1005,243,622,383,1200664,92512642,1431843,109499,24042,66895,42604,7163370124,110872174,8370706,1598710,5015794,3354912,1719792,128878,23515,76738,52140,11062,3137,7047,4015,3496,3087,50,4961,2086,1929
130,11,3,first,47,200,14530,16180,60,72,68,15452,1183658,18348,4440,5505,325222,441734,4997,6880,8,128,1378,330,858,520,3226,428,472,128,8,1065,116512,1883,44,-348,-88,132,128,9945,766956,11877,900,196,552,348,1199110,92273272,1430104,106206,22929,65100,41106,7133869756,110550464,8118116,1551748,4893188,3224928,1715746,125634,23381,75449,50185,10244,2600,6444,3800,2932,2592,8,4474,1970,1830
130,9,7,second,47,200,14531,16376,58,75,67,15452,1183658,18353,4299,5435,315062,436874,4837,6822,9,125,1428,329,883,545,3230,432,463,125,9,1136,121812,1985,31,-382,-113,144,125,9734,751936,11659,895,154,529,366,1199110,92273272,1430900,110016,22692,66922,43094,7133869756,110640778,8406072,1523608,5025746,3380326,1718395,129967,22920,77436,52531,11090,2829,6975,4115,3065,2756,73,4809,2166,1949
130,11,3,first,48,200,14566,16416,69,73,58,15305,1162522,18070,4959,4717,352874,379932,5412,5934,-11,127,1473,440,951,522,3205,580,397,127,-11,-242,27058,522,-183,-506,-281,98,127,9676,732806,11346,977,312,639,338,1177827,89962904,1398489,111941,29991,70845,41096,6909213236,107414758,8452148,2000334,5239770,3212378,1673152,130595,29911,80514,50081,12075,4218,8055,4020,4336,4024,194,5899,2156,1864
130,9,7,second,48,200,14669,16349,68,72,60,15305,1162522,18006,4900,4859,349544,389982,5366,6096,-8,128,1373,399,882,491,3100,545,368,128,-8,-41,40438,730,-177,-417,-233,56,128,9759,739526,11462,913,289,597,316,1177827,89962904,1393430,104051,27344,65677,38374,6909213236,107020014,7832852,1837734,4855512,2977340,1660632,120641,27635,74503,46138,10577,3792,7096,3481,3467,3421,371,5142,1954,1527
130,11,3,first,49,200,14743,16416,59,78,63,15541,1197694,18524,4380,5094,322048,408112,4900,6368,4,122,1397,339,870,527,3322,458,403,122,4,714,86064,1468,-55,-361,-147,92,122,9474,730160,11268,861,217,541,320,1213235,93933434,1453093,107766,23422,65951,41815,7306204460,113046726,8247350,1579410,4956412,3290938,1752200,127174,23446,76044,51130,10533,3038,6758,3775,3221,2949,89,4780,1978,1797
130,9,7,second,49,200,14652,16403,51,79,70,15541,1197694,18561,3754,5690,273550,458266,4150,7150,19,121,1417,242,839,578,3262,399,466,121,19,1936,184716,3000,67,-358,-85,152,121,9444,731816,11300,865,126,505,360,1213235,93933434,1456301,109608,15652,63598,46010,7306204460,113317918,8412912,962448,4780038,3632874,1760301,129637,13885,73261,56376,11043,2370,6740,4303,3218,2615,-245,4635,2105,2198
130,11,3,first,50,200,14743,16461,65,67,68,15534,1196468,18601,4790,5533,349750,445834,5421,6942,3,133,1434,311,874,560,3378,477,486,133,3,743,96084,1521,9,-408,-133,142,133,10323,795584,12363,963,208,587,376,1212002,93774502,1457784,110736,21101,66290,44446,7288314832,113292528,8483544,1391992,4985810,3497734,1763537,131356,21005,76941,54415,11296,2893,7099,4197,3303,2894,-1,4930,2169,2028
130,9,7,second,50,200,14795,16326,67,66,67,15534,1196468,18570,4969,5440,364958,437708,5608,6814,0,134,1407,249,828,579,3285,511,450,134,0,471,72750,1206,-61,-431,-179,118,134,10409,802666,12422,961,173,567,394,1212002,93774502,1455195,108882,16199,62776,46106,7288314832,113082458,8358812,1005066,4718314,3640498,1757408,129175,14937,72659,56516,10835,2314,6544,4291,3403,2643,-329,4504,2040,2251
130,11,3,first,51,200,14758,16268,71,77,52,15354,1169208,18074,5167,4233,372300,341104,5727,5344,-19,123,1468,443,946,522,3163,560,368,123,-19,-934,-31196,-383,-192,-443,-256,64,123,9400,713404,11071,928,287,598,330,1184562,90645564,1401586,112018,30664,70874,41144,6969859536,107799290,8483358,2081838,5267000,3216358,1670440,130628,31169,80707,49921,11618,3938,7682,3936,3997,3746,192,5586,2096,1840
130,9,7,second,51,200,14811,16545,73,75,52,15354,1169208,18121,5297,4255,380472,344510,5879,5391,-21,125,1363,344,843,520,3111,522,351,125,-21,-1042,-35962,-488,-171,-434,-240,69,125,9552,724982,11270,873,232,542,331,1184562,90645564,1404856,104210,23324,63246,40964,6969859536,108023522,7908638,1542504,4707590,3201048,1677255,121931,22913,72178,49753,10295,2950,6537,3758,3382,2949,1,4623,1914,1844
130,11,3,first,52,200,14548,16367,65,78,57,15258,1154494,17902,4715,4588,338776,365546,5196,5721,-8,122,1414,424,915,499,3068,499,380,122,-8,-127,26770,525,-119,-393,-195,76,122,9303,704322,10917,879,255,563,316,1169752,88938560,1379292,107130,29481,68242,38888,6794528588,105387730,8052482,2016164,5047708,3004774,1637716,124080,30033,77319,46761,11116,3923,7460,3656,3816,3673,250,5469,1991,1665
130,9,7,second,52,200,14657,16272,68,68,64,15258,1154494,17904,4938,5134,354884,407660,5446,6361,-4,132,1417,385,899,518,3031,527,430,132,-4,196,52776,915,-97,-413,-189,92,132,10072,762544,11807,957,253,603,354,1169752,88938560,1379305,107368,26252,66908,40460,6794528588,105377714,8072870,1752150,4938898,3133972,1636756,124645,26524,76042,48603,11129,3524,7278,3851,3507,3309,215,5199,2079,1772
130,11,3,first,53,200,14631,16252,68,64,68,15341,1167936,18149,4926,5492,353142,439416,5406,6873,0,136,1441,375,908,533,3183,533,476,136,0,566,86274,1467,-57,-463,-192,135,136,10418,792558,12279,1009,263,636,373,1183277,90588030,1407867,109986,25154,67853,42133,6974015304,108399640,8337368,1637550,5030596,3306772,1687497,128896,24449,77406,51490,11363,3314,7310,4053,3929,3390,-76,5254,2056,1997
130,9,7,second,53,200,14600,16418,66,80,54,15341,1167936,18140,4796,4398,345124,355130,5332,5549,-12,120,1453,395,918,535,3194,531,348,120,-12,-398,10006,217,-183,-445,-254,71,120,9194,700254,10881,879,273,570,309,1183277,90588030,1406546,110747,27185,68767,41980,6974015304,108253438,8381884,1833042,5112466,3269418,1683344,129493,27754,78732,50761,11651,3774,7621,4030,3561,3445,329,5406,2215,1815
130,11,3,first,54,200,14788,16422,68,64,68,15496,1191444,18489,5003,5539,364694,446888,5612,6970,0,136,1397,297,847,550,3290,528,444,136,0,536,82194,1358,-84,-426,-187,103,136,10542,811582,12582,972,206,589,383,1206940,93274926,1447552,107323,19905,63882,43441,7244685936,112436926,8188248,1297966,4784204,3404044,1748511,126411,19127,73448,52963,10851,2913,6840,4011,3299,2893,20,4773,2067,1944
130,9,7,second,54,200,14699,16317,67,71,62,15496,1191444,18524,4904,5063,355470,409356,5478,6394,-5,129,1400,331,863,537,3359,500,416,129,-5,159,53886,916,-84,-417,-186,102,129,9967,764826,11872,916,245,578,338,1206940,93274926,1450061,107890,22415,65232,42658,7244685936,112615970,8255870,1477584,4893670,3362200,1753684,127805,22223,75472,52333,10702,3038,6828,3874,3419,3020,18,4831,1997,1877
130,11,3,first,55,200,14726,16362,69,71,60,15354,1171104,18182,4950,4895,352374,395524,5413,6175,-9,129,1438,385,907,531,3213,556,394,129,-9,-55,43150,762,-162,-479,-256,94,129,9845,747898,11588,950,303,622,328,1186458,91063698,1414271,109128,25331,67202,41926,7031470560,109235826,8237790,1623372,4952156,3285634,1699862,127315,24213,76145,51170,11394,3838,7535,3859,4303,3831,7,5555,1980,1879
130,9,7,second,55,200,14685,16448,69,68,63,15354,1171104,18134,4979,5128,356616,413402,5448,6465,-6,132,1448,392,917,531,3172,562,410,132,-6,149,56786,1017,-152,-502,-261,109,132,10107,770018,11913,972,264,615,357,1186458,91063698,1410806,109734,25565,67724,42010,7031470560,108983426,8276216,1621194,4977098,3299118,1691686,127530,23997,76272,51258,11696,4090,7817,3879,4528,4058,32,5807,2010,1869
130,11,3,first,56,200,14585,16381,69,71,60,15273,1157110,18054,5029,4783,362974,377822,5609,5954,-9,129,1406,397,897,509,3178,509,391,129,-9,-246,14848,345,-118,-407,-198,80,129,9812,740796,11563,900,265,578,322,1172383,89280794,1392644,106781,27261,66898,39883,6833861804,106567806,8049568,1835748,4950082,3099486,1664596,125045,27908,76649,48396,10872,3462,7108,3764,3457,3256,206,5083,2025,1739
130,9,7,second,56,200,14647,16335,60,78,62,15273,1157110,18009,4341,4999,310964,398986,4806,6275,2,122,1467,427,948,519,3163,480,421,122,2,658,88022,1469,-59,-403,-170,111,122,9340,709950,11081,901,229,566,335,1172383,89280794,1389594,111376,29458,70746,40630,6833861804,106368536,8390744,1990962,5234864,3155880,1658903,129768,29967,80602,49166,11843,3996,7890,3953,3943,3768,228,5744,2146,1807
130,11,3,first,57,200,14743,16222,68,67,65,15340,1167048,18077,4917,5243,351788,418876,5352,6560,-3,133,1420,387,902,518,3124,545,425,133,-3,326,67088,1208,-120,-441,-214,94,133,10160,770664,11912,970,289,628,342,1182388,90394638,1400757,108074,26358,67379,40695,6944198352,107652504,8163866,1754674,4992814,3171052,1671569,125818,26020,76523,49295,11294,3746,7460,3834,3803,3554,192,5400,2060,1774
130,9,7,second,57,200,14500,16381,64,77,59,15340,1167048,18165,4632,4776,332024,382916,5091,6009,-5,123,1422,379,898,524,3204,520,397,123,-5,144,50892,918,-123,-440,-220,97,123,9408,714940,11100,917,256,584,333,1182388,90394638,1407603,108250,25982,67188,41062,6944198352,108181392,8177730,1742042,4985332,3192398,1688657,126347,25649,76457,49890,11312,3781,7485,3827,3825,3583,198,5424,2061,1766
130,11,3,first,58,200,14498,16370,60,84,56,15317,1164366,18113,4360,4563,313472,368420,4826,5783,-4,116,1460,394,925,535,3190,467,389,116,-4,203,54948,957,-78,-382,-172,94,116,8923,681892,10609,856,208,530,326,1179683,90189210,1403308,111170,26677,69025,42145,6934835100,107927856,8406494,1757466,5109454,3297040,1682567,130265,26416,78819,51446,11584,3540,7523,4061,3648,3403,137,5377,2146,1915
130,9,7,second,58,200,14539,16448,66,79,55,15317,1164366,18102,4776,4529,341840,369458,5253,5771,-11,121,1500,397,943,557,3182,531,404,121,-11,-247,27618,518,-127,-496,-251,124,121,9305,711298,11024,935,218,571,364,1179683,90189210,1402245,114394,26663,70405,43989,6934835100,107828802,8662782,1736916,5213658,3449124,1680178,133803,25817,80069,53734,12208,3711,7896,4312,4331,3773,-62,5709,2187,2125
130,11,3,first,59,200,14795,16448,70,75,55,15420,1180424,18257,5105,4518,368766,367998,5632,5751,-15,125,1499,394,939,560,3231,596,374,125,-15,-587,-768,119,-222,-519,-308,86,125,9623,736764,11383,970,273,614,356,1195844,92078506,1424740,114415,26324,70076,44339,7131240904,110389132,8677590,1707110,5191966,3485624,1711769,133315,24936,79185,54130,12471,4195,8222,4249,4732,4204,-9,6059,2163,2086
130,9,7,second,59,200,14515,16287,55,76,69,15420,1180424,18410,3993,5633,286944,455618,4410,7142,14,124,1423,275,856,567,3265,430,461,124,14,1640,168674,2732,31,-419,-132,163,124,9626,742562,11552,891,139,522,369,1195844,92078506,1435830,109144,17520,64152,44992,7131240904,111183462,8319454,1058088,4773108,3546346,1736226,129433,15907,74036,55397,11043,2584,6829,4214,3473,2819,-235,4758,2071,2143
130,11,3,first,60,200,14572,16471,54,88,58,15374,1172532,18263,3918,4731,281738,382454,4340,5983,4,112,1422,328,877,545,3217,450,382,112,4,813,100716,1643,-68,-374,-165,97,112,8649,664192,10323,832,166,501,331,1187906,91067328,1418156,108769,21912,65747,43022,7017661488,109256424,8262866,1418690,4891136,3371730,1703575,127995,21508,75573,52422,11294,3030,7128,4166,3598,3127,-97,5045,2083,2083
130,9,7,second,60,200,14624,16403,57,83,60,15374,1172532,18268,4106,4862,292830,390728,4544,6132,3,117,1445,366,907,538,3260,465,404,117,3,756,97898,1588,-61,-400,-172,111,117,8968,683558,10676,869,212,542,327,1187906,91067328,1418406,110569,25035,68180,42389,7017661488,109269792,8398734,1671796,5084214,3314520,1704276,130434,25390,78706,51728,11349,3186,7237,4112,3544,3165,21,5115,2122,1990
130,11,3,first,61,200,14582,16251,61,74,65,15461,1187170,18423,4406,5281,315360,425330,4839,6657,4,126,1401,325,865,536,3287,482,431,126,4,875,109970,1818,-51,-419,-172,121,126,9687,740690,11496,913,227,572,341,1202631,92904218,1441527,107707,21482,65032,42675,7219393340,112006244,8232232,1374854,4858528,3373704,1740979,127256,20630,74852,52404,10845,2984,6889,3956,3557,3061,-77,4889,2000,1956
130,9,7,second,61,200,14690,16323,65,67,68,15461,1187170,18363,4700,5593,336720,455590,5178,7065,3,133,1476,357,918,558,3259,519,479,133,3,893,118870,1887,-40,-469,-188,148,133,10293,792310,12243,998,231,616,382,1202631,92904218,1436610,113537,23668,69049,44488,7219393340,111607820,8679222,1518532,5158312,3520910,1728505,133654,22831,79186,54468,11882,3318,7580,4302,3999,3424,-106,5408,2172,2130
130,11,3,first,62,200,14796,16414,59,72,69,15560,1200588,18669,4367,5624,319954,454036,4893,7085,10,128,1372,300,841,531,3409,452,457,128,10,1257,134082,2192,5,-367,-117,122,128,9991,773990,11978,909,207,563,346,1216148,94270884,1465805,106120,20571,63974,42146,7341512592,114143864,8144580,1373218,4825940,3318640,1777205,126136,20596,74462,51674,10488,2809,6651,3837,2990,2716,93,4625,2026,1811
130,9,7,second,62,200,14732,16384,56,77,67,15560,1200588,18674,4080,5480,293956,444096,4516,6958,11,123,1425,308,872,553,3422,441,449,123,11,1400,150140,2442,8,-443,-156,164,123,9560,738052,11474,890,187,544,346,1216148,94270884,1466717,110214,20472,66043,44171,7341512592,114255882,8460014,1307374,4958764,3501250,1781308,131132,19228,76401,54731,11139,2845,6996,4143,3758,3080,-235,4960,2036,2107
130,11,3,first,63,200,14602,16272,62,75,63,15432,1181070,18245,4552,5143,330620,415998,5020,6478,1,125,1426,379,903,523,3192,498,420,125,1,591,85378,1458,-78,-441,-197,119,125,9695,746618,11498,918,207,563,355,1196502,92023056,1421714,109293,25984,67934,41359,7112794308,109899450,8312284,1735454,5066558,3245726,1701095,127788,25800,77523,50265,10994,3404,7160,3834,3515,3239,165,5101,2059,1775
130,9,7,second,63,200,14618,16149,61,71,68,15432,1181070,18249,4451,5534,321306,446362,4879,6944,7,129,1395,298,850,545,3115,466,472,129,7,1083,125056,2065,6,-407,-136,142,129,9985,767668,11823,938,199,572,366,1196502,92023056,1422122,107097,19928,64054,43043,7112794308,109935098,8162164,1290296,4788758,3373406,1702149,125457,18864,73193,52264,10821,2919,6873,3948,3342,2927,-8,4832,2041,1907
130,11,3,first,64,200,14618,16357,63,77,60,15404,1177344,18262,4607,4865,333980,390736,5111,6109,-3,123,1460,343,900,560,3201,510,410,123,-3,258,56756,998,-100,-433,-205,105,123,9472,724716,11220,920,217,567,353,1192748,91637934,1421700,111424,22886,67284,44140,7076313408,109804666,8443856,1482300,4991456,3452400,1706664,130221,21837,76528,53693,11756,3500,7578,4178,3947,3507,-7,5440,2138,2040
130,9,7,second,64,200,14536,16367,59,78,63,15404,1177344,18341,4296,5080,309970,405978,4745,6383,4,122,1412,326,871,541,3263,463,406,122,4,784,96008,1638,-57,-381,-158,101,122,9376,715948,11128,869,219,546,323,1192748,91637934,1427593,108096,21998,65439,42657,7076313408,110245686,8215500,1446880,4879194,3336306,1720631,127330,21322,75145,52185,10962,3137,7021,3941,3338,3047,90,4955,2066,1875
130,11,3,first,65,200,14794,16457,73,72,55,15429,1180822,18198,5421,4485,398364,363038,6084,5607,-18,128,1399,399,890,509,3168,549,372,128,-18,-936,-35326,-477,-177,-439,-244,67,128,9906,761402,11691,921,249,576,345,1196251,92024918,1417879,107709,27821,67297,40412,7116760244,109624828,8230862,1894512,5045024,3185838,1691666,126341,28420,77142,49199,10587,3226,6818,3769,3481,3134,92,4854,1964,1805
130,9,7,second,65,200,14782,16500,71,63,66,15429,1180822,18280,5183,5381,374098,434744,5783,6752,-5,137,1429,370,897,532,3221,559,415,137,-5,198,60646,969,-144,-447,-227,83,137,10564,808842,12535,974,245,607,367,1196251,92024918,1424523,109496,25304,67499,41997,7116760244,110157764,8325526,1684220,5035196,3290330,1707690,128424,25387,77390,51034,11233,3519,7304,3929,3490,3281,238,5179,2125,1804
130,11,3,first,66,200,14475,16346,56,71,73,15578,1203830,18651,4110,5957,298266,481546,4519,7517,17,129,1411,246,837,574,3319,441,486,129,17,1847,183280,2998,45,-464,-145,190,129,10067,779812,12036,927,138,541,386,1219408,94708036,1467635,109369,15768,63492,45877,7393278364,114597300,8413582,952974,4774918,3638664,1779069,129921,13703,73311,56610,10747,2326,6559,4188,3642,2752,-426,4583,1976,2212
130,9,7,second,66,200,14789,16498,65,73,62,15578,1203830,18748,4800,5071,350808,411062,5408,6451,-3,127,1391,260,824,567,3430,496,428,127,-3,271,60254,1043,-68,-431,-186,118,127,9871,761870,11859,924,179,550,374,1219408,94708036,1474666,107850,17279,62700,45150,7393278364,115099164,8301576,1099746,4730788,3570788,1794706,128941,16578,73281,55660,10657,2213,6401,4256,2988,2385,-172,4300,2101,2155
130,11,3,first,67,200,14536,16334,59,81,60,15402,1176690,18270,4288,4851,308584,388448,4704,6099,1,119,1442,375,909,533,3243,474,394,119,1,563,79864,1395,-80,-405,-183,103,119,9139,697032,10803,868,229,549,319,1192092,91532916,1421466,110300,25505,68184,42116,7063537308,109715776,8374576,1689412,5071926,3302650,1707160,129228,25169,77896,51332,11562,3528,7505,4057,3837,3480,48,5401,2104,1953
130,9,7,second,67,200,14533,16335,55,80,65,15402,1176690,18231,4010,5250,289330,420170,4416,6592,10,120,1426,356,896,530,3185,437,419,120,10,1240,130840,2176,-18,-362,-130,112,120,9260,709500,11008,856,214,540,316,1192092,91532916,1418640,109173,24285,67349,41824,7063537308,109511450,8296090,1616986,5021958,3274132,1700675,127732,24060,76984,50748,11288,3292,7281,4007,3352,3141,151,5146,2135,1872
130,11,3,first,68,200,14651,16453,65,84,51,15255,1154638,17834,4713,4139,338132,332896,5179,5168,-14,116,1465,483,967,498,3062,516,368,116,-14,-574,-5236,-11,-148,-384,-208,60,116,8852,671028,10347,884,294,582,302,1169893,89027732,1375088,110937,33795,72079,38858,6811488020,105210792,8338692,2325564,5329510,3009182,1627862,128205,34984,81589,46616,11769,4401,8011,3758,3765,3891,510,5847,2164,1594
130,9,7,second,68,200,14636,16485,78,70,52,15255,1154638,17848,5608,4228,398874,340540,6094,5328,-26,130,1490,534,999,491,3127,662,356,130,-26,-1380,-58334,-766,-306,-548,-362,56,130,9836,739414,11422,1018,396,694,324,1169893,89027732,1376351,112850,37024,74247,38603,6811488020,105319004,8485804,2518182,5472826,3012978,1631908,130318,37598,83575,46743,12246,5020,8480,3766,4928,4700,320,6409,2071,1695
130,11,3,first,69,200,14433,16452,53,86,61,15341,1169068,18137,3792,5004,268872,406938,4161,6328,8,114,1446,342,898,548,3138,423,413,114,8,1212,138066,2167,-10,-402,-149,139,114,8796,675810,10489,836,182,513,323,1184409,90843812,1408348,110143,22321,66838,43305,7012671704,108637618,8344120,1403242,4942714,3401406,1686211,128851,21542,76280,52571,11472,3252,7357,4115,3590,3220,32,5214,2143,1972
130,9,7,second,69,200,14564,16290,59,84,57,15341,1169068,18030,4241,4656,301944,377106,4566,5885,-2,116,1470,390,929,541,3079,491,384,116,-2,415,75162,1319,-107,-469,-230,123,116,8897,679050,10451,875,235,554,321,1184409,90843812,1400906,111759,25764,68969,42790,7012671704,108136072,8447694,1647672,5085264,3362430,1670770,129606,24261,77593,52013,11926,3919,7869,4057,4500,3975,-56,5807,2062,1995
130,11,3,first,70,200,14673,16567,64,85,51,15367,1171498,18162,4674,4160,337968,336354,5145,5250,-13,115,1403,370,880,523,3165,518,342,115,-13,-514,-1614,105,-176,-435,-248,72,115,8834,674322,10395,860,253,550,310,1186865,90950606,1410007,106806,24880,65586,41220,7005887660,108608394,8072430,1623600,4847208,3225222,1686804,124710,24383,74599,50111,10813,3545,7091,3722,3836,3473,72,5158,1933,1789
130,9,7,second,70,200,14614,16203,62,73,65,15367,1171498,18229,4515,5267,325308,422948,5016,6600,3,127,1428,401,916,512,3263,506,426,127,3,752,97640,1584,-80,-393,-173,93,127,9782,748256,11616,932,227,581,351,1186865,90950606,1415237,108902,27648,68651,40251,7005887660,109017394,8244170,1864754,5103282,3140888,1699169,127699,28183,78733,48966,11278,3650,7424,3854,3425,3341,309,5296,2128,1726
130,11,3,first,71,200,14633,16316,57,83,60,15429,1180796,18387,4124,4866,295396,390874,4567,6121,3,117,1448,369,910,538,3327,441,415,117,3,742,95478,1554,-26,-395,-152,126,117,8990,686270,10688,856,229,544,312,1196225,92002228,1432400,110875,25213,68415,42460,7110792568,110690236,8425106,1682116,5101350,3323756,1726347,130607,25365,78763,51844,11552,3360,7443,4109,3541,3253,107,5272,2171,1938
130,9,7,second,71,200,14663,16421,59,76,65,15429,1180796,18289,4326,5256,314084,421092,4792,6541,6,124,1448,364,909,539,3224,469,437,124,6,930,107008,1749,-32,-434,-171,139,124,9582,735176,11333,906,206,559,347,1196225,92002228,1424567,110963,24757,68325,42638,7110792568,110068214,8440484,1641868,5094680,3345804,1706625,130190,24695,78317,51873,11418,3548,7467,3951,3970,3542,6,5419,2048,1903
130,11,3,first,72,200,14486,16325,57,79,64,15414,1178430,18232,4145,5137,298254,408594,4549,6385,7,121,1414,371,896,518,3189,444,410,121,7,992,110340,1836,-34,-397,-155,121,121,9282,706848,10934,854,233,547,307,1193844,91724256,1419190,108357,25421,67385,40972,7082205972,109584924,8242634,1702462,5027718,3214916,1698414,126963,25301,77050,49913,11120,3474,7280,3840,3681,3379,95,5252,2028,1812
130,9,7,second,72,200,14618,16231,61,66,73,15414,1178430,18167,4424,5892,317500,471002,4843,7315,12,134,1436,350,899,537,3103,483,493,134,12,1468,153502,2472,10,-428,-142,152,134,10316,788502,12158,976,236,612,364,1193844,91724256,1414142,109917,23829,67607,42310,7082205972,109198554,8348678,1581388,5041784,3306894,1686575,128243,23309,77012,51231,11248,3448,7353,3895,3786,3403,45,5307,2046,1849
130,11,3,first,73,200,14504,16244,66,71,63,15376,1173704,18183,4770,5141,341524,415730,5208,6498,-3,129,1496,387,940,556,3194,563,430,129,-3,371,74206,1290,-133,-524,-264,131,129,9911,757254,11706,993,242,616,377,1189080,91290004,1414468,113833,25546,69875,43958,7048204984,109216740,8608682,1633280,5158084,3450598,1695359,132671,24189,79075,53596,12336,4027,8115,4221,4675,4089,-62,5970,2145,2076
130,9,7,second,73,200,14513,16332,62,74,64,15376,1173704,18214,4483,5224,321322,422484,4915,6661,2,126,1411,353,883,528,3191,488,422,126,2,741,101162,1746,-66,-440,-190,124,126,9707,743806,11576,910,216,564,346,1189080,91290004,1417141,107325,23162,65614,41711,7048204984,109442606,8115888,1471210,4844130,3271758,1702662,125273,21713,74366,50907,11221,3597,7376,3845,3963,3560,37,5373,2003,1842
130,11,3,first,74,200,14698,16484,63,85,52,15500,1191788,18385,4624,4245,336088,343332,5109,5336,-11,115,1472,383,922,550,3268,512,369,115,-11,-379,7244,227,-143,-404,-216,73,115,8869,679420,10445,881,250,560,321,1207288,93292060,1439341,113375,26484,69740,43635,7244912344,111790118,8668202,1791286,5233366,3434836,1727855,133276,26703,80103,53173,11682,3457,7498,4184,3511,3282,175,5282,2216,1968
130,9,7,second,74,200,14708,16366,57,71,72,15500,1191788,18498,4158,5846,300288,470380,4586,7395,15,129,1424,319,879,545,3317,453,496,129,15,1688,170092,2809,43,-432,-130,173,129,10004,770668,11981,949,188,576,373,1207288,93292060,1448302,109836,21356,66440,43396,7244912344,112493930,8411780,1384824,4983348,3428432,1749762,129882,20271,76481,53401,11136,2937,7058,4078,3707,3106,-169,5017,2041,2037
130,11,3,first,75,200,14635,16310,63,59,78,15543,1199058,18659,4625,6402,336192,520504,5177,8144,15,141,1419,246,840,579,3362,467,550,141,15,1777,184312,2967,83,-474,-125,208,141,11027,856696,13321,1017,138,585,432,1214601,94211562,1465676,109998,15583,63679,46319,7346965452,114269802,8467460,929660,4790716,3676744,1779909,131277,13910,74077,57200,10851,2174,6554,4297,3466,2583,-409,4506,2048,2249
130,9,7,second,75,200,14598,16409,58,79,63,15543,1199058,18631,4229,5167,305346,419932,4702,6552,5,121,1447,312,882,565,3400,466,420,121,5,938,114586,1850,-46,-415,-170,124,121,9396,725278,11254,886,189,540,346,1214601,94211562,1463920,111629,20731,66649,44980,7346965452,114165286,8552958,1331364,4999454,3553504,1776433,132440,19948,77119,55321,11489,3061,7252,4237,3606,3126,-65,5104,2148,2089
130,11,3,first,76,200,14755,16276,68,66,66,15311,1163396,18107,4887,5348,347576,429042,5364,6707,-2,134,1412,368,889,523,3164,545,421,134,-2,461,81466,1343,-124,-504,-247,123,134,10235,776618,12071,966,266,615,351,1178707,90061858,1401553,107256,24591,66154,41102,6919325752,107666078,8090486,1599064,4885508,3204978,1678351,125354,24041,75369,49985,11034,3564,7237,3797,4028,3544,20,5267,1970,1827
130,9,7,second,76,200,14549,16220,64,71,65,15311,1163396,18145,4616,5263,329456,421912,5123,6607,1,129,1505,332,919,586,3166,503,477,129,1,647,92456,1484,-26,-485,-191,165,129,9879,751368,11730,980,225,603,377,1178707,90061858,1404611,114560,21417,68312,46248,6919325752,107908276,8661708,1324520,5039342,3622366,1686151,134454,19606,77772,56682,12367,3223,7782,4585,4292,3515,-292,5553,2229,2356
130,11,3,first,77,200,14538,16237,61,80,59,15313,1162974,17956,4409,4772,315500,382428,4851,5936,-2,120,1430,428,928,502,3071,469,393,120,-2,363,66928,1085,-76,-380,-168,92,120,9181,697928,10787,862,248,554,308,1178287,89931414,1388347,108812,29741,69458,39354,6897937692,106474676,8219520,2031564,5159006,3060514,1646344,126311,30492,78944,47367,11322,3954,7600,3722,3690,3632,322,5532,2068,1654
130,9,7,second,77,200,14606,16434,61,79,60,15313,1162974,17990,4404,4821,314738,383772,4853,5960,-1,121,1465,432,948,517,3109,480,412,121,-1,417,69034,1107,-68,-363,-155,87,121,9225,698510,10813,892,275,583,309,1178287,89931414,1391055,111400,29973,70895,40505,6897937692,106688938,8408356,2041630,5259510,3148846,1652850,129576,30817,80750,48826,11885,4079,7948,3937,3682,3699,380,5746,2202,1735
130,11,3,first,78,200,14689,16479,64,78,58,15504,1193452,18522,4620,4738,330142,383670,5083,6004,-6,122,1455,355,902,553,3373,510,412,122,-6,118,53528,921,-98,-426,-201,103,122,9358,713812,11087,922,242,579,343,1208956,93607616,1453209,112051,23755,67962,44089,7290241880,113210308,8577818,1542290,5086818,3491000,1760910,132517,22878,78158,54359,11665,3415,7491,4174,3655,3322,93,5306,2185,1989
130,9,7,second,78,200,14479,16428,53,88,59,15504,1193452,18533,3830,4876,274060,399498,4199,6277,6,112,1467,289,881,586,3318,429,420,112,6,1046,125438,2078,-9,-469,-183,174,112,8706,673558,10476,849,147,501,348,1208956,93607616,1453663,113081,18233,66180,46901,7290241880,113213806,8664642,1084308,4937194,3727448,1761467,133781,15891,75875,57906,11945,2810,7373,4572,4067,3204,-394,5197,2176,2396
130,11,3,first,79,200,14588,16262,66,72,62,15464,1187006,18386,4806,5102,346458,415788,5317,6448,-4,128,1414,300,855,559,3222,493,441,128,-4,296,69330,1131,-52,-442,-183,131,128,9908,762246,11765,934,176,553,381,1202470,92821012,1437471,108989,19529,64407,44582,7205014276,111562138,8343694,1213908,4813466,3530228,1730080,128671,18104,73953,54718,11018,2670,6818,4200,3850,3039,-369,4837,1981,2219
130,9,7,second,79,200,14670,16362,66,70,64,15464,1187006,18328,4785,5248,343364,426214,5262,6639,-2,130,1422,336,878,544,3200,545,419,130,-2,463,82850,1377,-126,-514,-255,129,130,10033,769578,11901,964,228,595,369,1202470,92821012,1432989,109171,22220,65927,43244,7205014276,111217864,8325170,1417564,4912792,3412378,1719420,128120,20925,75211,52909,11082,3204,7080,4002,4068,3379,-175,5102,1978,2024
130,11,3,first,80,200,14679,16282,54,73,73,15535,1197462,18605,3953,5967,286872,483034,4421,7547,19,127,1404,243,833,571,3313,397,520,127,19,2014,196162,3126,123,-386,-68,191,127,9920,769906,11968,917,124,530,387,1212997,93987996,1460647,108591,15441,63023,45568,7320481260,113792474,8340474,927216,4731926,3608548,1771767,129124,13408,72829,56295,10720,2089,6466,4254,3249,2476,-387,4437,2029,2225
130,9,7,second,80,200,14892,16429,67,74,59,15535,1197462,18532,4904,4858,355406,396174,5433,6171,-8,126,1363,241,798,565,3238,488,398,126,-8,-46,40768,738,-90,-464,-214,124,126,9762,751580,11604,886,150,514,372,1212997,93987996,1454610,105608,15356,60459,45149,7320481260,113299246,8126214,923886,4545434,3580780,1756074,125282,13492,69756,55526,10325,2019,6127,4198,3339,2447,-428,4180,1947,2251
130,11,3,first,81,200,14535,16171,64,60,76,15413,1179898,18241,4618,6207,329864,502780,5018,7833,12,140,1446,332,895,551,3160,529,498,140,12,1589,172916,2815,-31,-483,-187,156,140,10825,832644,12851,1027,215,627,400,1195311,92089520,1423732,110471,21600,66830,43641,7140729260,110398890,8387444,1346008,4953184,3434260,1709817,128959,19570,75672,53287,11522,3417,7454,4068,4104,3519,-102,5393,2061,2007
130,9,7,second,81,200,14620,16442,70,70,60,15413,1179898,18277,5057,4946,361552,404296,5551,6302,-10,130,1475,397,931,544,3261,573,420,130,-10,-111,42744,751,-153,-477,-250,97,130,10003,765848,11853,993,273,628,365,1195311,92089520,1427085,112844,26295,69514,43330,7140729260,110700298,8583898,1676578,5151610,3432288,1718717,132323,25040,79057,53266,11939,3734,7760,4179,4303,3780,-46,5645,2115,2064
130,11,3,first,82,200,14560,16224,50,87,63,15403,1177370,18275,3602,5076,256996,405638,3970,6360,13,113,1425,368,903,522,3240,407,410,113,13,1474,148642,2390,3,-346,-115,118,113,8678,662634,10330,817,200,515,302,1192773,91669600,1422494,109005,25295,67887,41118,7083258460,109887764,8278334,1700448,5063712,3214622,1707577,127966,25680,78018,49948,11029,3404,7218,3811,3388,3223,181,5163,2055,1756
130,9,7,second,82,200,14701,16206,66,67,67,15403,1177370,18304,4768,5442,340848,437872,5247,6797,1,133,1439,330,885,554,3231,523,468,133,1,674,97024,1550,-55,-426,-174,119,133,10210,778720,12044,991,276,634,357,1192773,91669600,1425032,110198,21746,66309,43889,7083258460,110101536,8382786,1383834,4931822,3450964,1714616,129672,20562,75892,53780,11375,3040,7180,4195,3906,3260,-220,5133,2047,2148
130,11,3,first,83,200,14660,16342,70,70,60,15266,1156724,17914,5069,4810,363534,382308,5576,5985,-10,130,1418,430,919,499,3078,546,370,130,-10,-259,18774,409,-176,-432,-239,63,130,9879,745842,11561,916,292,599,317,1171990,89316610,1382932,107497,29590,68414,39083,6846153976,105978728,8095230,1994976,5054490,3040740,1643266,124692,30051,77576,47116,11026,3998,7424,3602,3956,3761,237,5473,1951,1651
130,9,7,second,83,200,14677,16405,73,66,61,15266,1156724,17871,5324,4904,384728,390824,5861,6126,-12,134,1436,436,930,506,3041,584,385,134,-12,-420,6096,265,-199,-483,-274,75,134,10228,775552,11987,969,307,632,337,1171990,89316610,1380232,108720,29910,69105,39615,6846153976,105825218,8174030,2010178,5095152,3078878,1638953,125716,29659,77820,47896,11366,4061,7614,3752,4094,3836,225,5588,2026,1726
130,11,3,first,84,200,14535,16252,59,73,68,15206,1146790,17843,4191,5424,294762,428178,4530,6705,9,127,1463,420,946,517,3057,499,476,127,9,1233,133416,2175,-23,-436,-166,143,127,9615,722940,11235,975,284,634,341,1161996,88069958,1370208,110257,28398,69944,40313,6707433308,104348060,8247602,1880102,5130560,3117042,1626293,127682,28415,79136,48546,11857,4098,7966,3891,4282,3972,126,5886,2080,1811
130,9,7,second,84,200,14724,16337,69,73,58,15206,1146790,17802,5034,4650,364120,369144,5641,5766,-11,127,1431,448,934,497,3044,517,377,127,-11,-384,5024,125,-140,-379,-196,56,127,9684,733264,11407,894,253,568,326,1161996,88069958,1366960,108016,30980,69306,38710,6707433308,104094162,8091688,2107072,5101892,2989796,1618376,125087,31888,78550,46537,11151,4047,7529,3622,3714,3691,356,5512,2017,1605
130,11,3,first,85,200,14758,16554,72,82,46,15356,1169472,18179,5292,3753,385136,303134,5924,4739,-26,118,1491,429,947,544,3252,589,306,118,-26,-1539,-82002,-1185,-283,-449,-307,24,118,9045,688270,10663,895,273,571,324,1184828,90673542,1409696,113496,29633,70795,42701,6972729984,108420942,8573614,2004976,5248294,3325320,1689277,132487,30120,80711,51776,12331,4230,8139,4192,4095,3938,292,5885,2254,1938
130,9,7,second,85,200,14957,16473,77,71,52,15356,1169472,18081,5638,4216,408816,338536,6256,5279,-25,129,1417,434,913,504,3159,613,335,129,-25,-1422,-70280,-977,-278,-455,-302,24,129,9854,747352,11535,948,341,632,316,1184828,90673542,1402284,107868,30232,68339,39529,6972729984,107864856,8149112,2067148,5072990,3076122,1671369,125294,30723,77520,47774,11115,4001,7419,3696,3840,3693,308,5405,2014,1682
130,11,3,first,86,200,14605,16367,54,77,69,15553,1200762,18645,3974,5668,289988,461392,4442,7192,15,123,1439,260,857,582,3352,426,476,123,15,1694,171404,2750,50,-397,-112,162,123,9642,751380,11634,902,143,530,372,1216315,94431246,1466020,111185,16837,64858,46327,7372069116,114425038,8534184,1041156,4873372,3660812,1778757,132131,15513,75197,56934,11237,2431,6859,4378,3316,2675,-244,4711,2148,2230
130,9,7,second,86,200,14667,16287,52,77,71,15553,1200762,18626,3799,5773,275254,465646,4190,7327,19,123,1426,281,863,563,3354,436,480,123,19,1974,190392,3137,44,-429,-131,175,123,9572,740900,11517,916,147,541,375,1216315,94431246,1465165,110463,18267,65352,45111,7372069116,114409586,8503478,1133598,4913734,3589744,1778522,131363,16448,75474,55889,11142,2586,6886,4256,3633,2895,-309,4825,2061,2195
130,11,3,first,87,200,14552,16354,68,74,58,15382,1175040,18190,4934,4782,354686,390668,5460,6080,-10,126,1477,355,911,566,3163,535,410,126,-10,-152,35982,620,-125,-459,-229,104,126,9716,745354,11540,945,207,571,374,1190422,91500714,1416034,113023,23359,68115,44908,7076356248,109477804,8596614,1482376,5057486,3539128,1696894,132517,22395,77766,54751,12091,3304,7635,4456,3715,3280,24,5343,2292,2164
130,9,7,second,87,200,14602,16475,64,80,56,15382,1175040,18198,4658,4601,336084,374760,5169,5839,-8,120,1450,390,916,534,3206,488,395,120,-8,-57,38676,670,-93,-407,-190,97,120,9259,710844,11008,883,213,544,339,1190422,91500714,1416884,110733,25978,68327,42406,7076356248,109560150,8407588,1679992,5063128,3344460,1699176,129531,25245,77723,51808,11612,3749,7634,3978,4146,3744,5,5594,2040,1938
130,11,3,first,88,200,14638,16460,64,87,49,15389,1174166,18201,4671,3953,337440,315718,5159,4939,-15,113,1437,342,882,555,3154,509,343,113,-15,-718,-21722,-220,-166,-421,-237,71,113,8624,653158,10098,852,249,543,309,1189555,91176790,1412966,110067,23389,66369,43698,7020186052,108761802,8363600,1563182,4952530,3411070,1687685,129145,23559,76242,52903,11401,3089,7162,4239,3538,3103,-14,5014,2148,2091
130,9,7,second,88,200,14579,16354,56,86,58,15389,1174166,18204,4080,4708,294108,378304,4547,5899,2,114,1430,350,891,539,3165,422,404,114,2,628,84196,1352,-18,-366,-135,117,114,8788,672412,10446,826,198,513,313,1189555,91176790,1413321,109337,24015,66990,42347,7020186052,108798266,8293756,1612284,4995118,3298638,1688576,128198,24320,76935,51263,11184,3234,7200,3984,3294,3081,153,5073,2127,1857
130,11,3,first,89,200,14474,16355,55,87,58,15439,1182220,18314,3991,4715,286746,379614,4378,5938,3,113,1429,368,900,529,3243,431,381,113,3,724,92868,1560,-50,-401,-169,119,113,8706,666360,10316,812,215,515,297,1197659,92150078,1427631,109389,25061,67587,41802,7123611152,110370592,8312408,1667256,5036266,3276142,1712788,128032,24730,77161,50871,11559,3707,7608,3951,3928,3617,90,5528,2080,1871
130,9,7,second,89,200,14702,16402,60,81,59,15439,1182220,18319,4390,4778,318398,383130,4846,5999,-1,119,1391,350,870,521,3230,455,394,119,-1,388,64732,1153,-61,-344,-143,82,119,9168,701528,10845,849,210,529,320,1197659,92150078,1428253,106570,23760,65359,41211,7123611152,110435974,8106088,1575720,4873270,3232818,1715171,125057,23442,74826,50231,10771,3196,6953,3818,3416,3134,62,4972,1981,1837
130,11,3,first,90,200,14738,16467,65,83,52,15397,1175826,18203,4754,4245,343990,343390,5284,5373,-13,117,1456,365,904,552,3171,522,373,117,-13,-509,-600,89,-149,-404,-218,69,117,8999,687380,10657,895,234,558,337,1191223,91422294,1415227,111315,24838,67822,43493,7051198932,109148332,8445752,1646344,5045748,3400004,1691935,130266,24831,77593,52673,11608,3425,7442,4166,3547,3284,141,5254,2188,1978
130,9,7,second,90,200,14631,16376,61,81,58,15397,1175826,18198,4422,4741,317008,383690,4871,5948,-3,119,1389,332,859,530,3133,435,398,119,-3,319,66682,1077,-37,-362,-140,103,119,9163,700698,10819,833,218,524,309,1191223,91422294,1414856,106468,22711,64749,41719,7051198932,109123186,8098722,1517288,4841346,3257376,1691260,124954,22821,74426,50528,10599,2922,6742,3857,2912,2736,186,4669,2073,1784
130,11,3,first,91,200,14719,16301,67,64,69,15471,1188274,18410,4915,5660,357196,459984,5447,7173,2,136,1469,337,904,565,3276,543,499,136,2,745,102788,1726,-44,-458,-183,139,136,10575,817180,12620,1042,238,641,401,1203745,92991008,1440631,113123,22532,68200,44923,7225025540,111928254,8653544,1457624,5106978,3546566,1736760,133555,21745,78513,55042,11699,3173,7414,4285,3751,3233,-60,5232,2182,2103
130,9,7,second,91,200,14561,16430,63,67,70,15471,1188274,18411,4583,5703,330256,460548,5045,7151,7,133,1418,281,853,565,3221,508,449,133,7,1120,130292,2106,-59,-460,-193,134,133,10286,790804,12196,957,186,575,382,1203745,92991008,1440517,108772,18058,63975,44797,7225025540,111899284,8290992,1107540,4764412,3526580,1736109,127918,16336,73180,54738,11184,2891,7008,4176,3671,3051,-160,4933,2075,2101
130,11,3,first,92,200,14643,16399,69,66,65,15425,1180964,18249,5006,5278,359392,425014,5462,6655,-4,134,1460,392,924,536,3216,559,436,134,-4,272,65622,1193,-123,-487,-238,115,134,10284,784406,12117,995,289,640,355,1196389,92120206,1424108,111707,26455,69217,42490,7133874064,110328190,8487220,1732614,5142728,3344492,1709765,130194,25165,78276,51918,11826,3971,7837,3989,4382,3933,38,5766,2071,1918
130,9,7,second,92,200,14536,16246,52,84,64,15425,1180964,18263,3726,5198,264342,418716,4029,6522,12,116,1420,334,883,537,3172,430,452,116,12,1472,154374,2493,22,-376,-119,141,116,8924,683058,10551,882,204,549,333,1196389,92120206,1424859,108930,22380,66391,42539,7133874064,110358678,8301164,1453406,4954472,3346692,1709785,127823,21558,75937,51886,11104,3120,7123,3981,3476,3110,10,5057,2066,1915
130,11,3,first,93,200,14643,16342,60,71,69,15482,1188854,18433,4414,5611,321438,452190,4916,7086,9,129,1424,297,865,559,3248,468,466,129,9,1197,130752,2170,-2,-435,-154,152,129,10025,773628,12002,934,145,544,390,1204336,92933752,1441352,109521,19490,65104,44417,7206479788,111798972,8361152,1227452,4859678,3501474,1736797,129106,17914,74595,54511,11084,2866,6974,4110,3813,3122,-256,4971,2003,2107
130,9,7,second,93,200,14588,16278,57,74,69,15482,1188854,18450,4140,5589,297592,448700,4530,7042,12,126,1414,270,848,566,3238,436,477,126,12,1449,151108,2512,41,-419,-126,167,126,9729,746292,11572,913,151,538,375,1204336,92933752,1442783,108813,17410,63836,44977,7206479788,111917588,8311414,1068310,4765416,3545998,1740926,128479,15319,73155,55324,10848,2447,6668,4180,3720,2874,-427,4708,1960,2220
130,11,3,first,94,200,14552,16353,70,68,62,15383,1174142,18230,5124,5038,371418,405622,5734,6326,-8,132,1451,375,909,542,3222,549,426,132,-8,-86,34204,592,-123,-441,-216,93,132,10162,777040,12060,975,245,606,369,1189525,91280386,1417287,110843,25193,67975,42868,7042190476,109343778,8408610,1643218,5043016,3365594,1700652,129796,24640,77514,52282,11701,3576,7577,4124,3931,3533,43,5447,2130,1994
130,9,7,second,94,200,14590,16343,64,75,61,15383,1174142,18226,4660,4975,336082,402098,5145,6320,-3,125,1449,362,904,545,3205,515,401,125,-3,315,66016,1175,-114,-477,-233,119,125,9635,738180,11465,916,221,567,349,1189525,91280386,1416959,110593,24228,67568,43025,7042190476,109315508,8382800,1574912,5011864,3370936,1700284,129537,23426,77069,52468,11473,3553,7456,4017,4014,3545,8,5384,2072,1945
130,11,3,first,95,200,14667,16239,61,69,70,15431,1182360,18298,4434,5643,319574,451196,4887,6978,9,131,1423,354,893,530,3221,479,465,131,9,1209,131622,2091,-14,-385,-134,120,131,10077,770770,11865,944,271,612,332,1197791,92327250,1429021,108752,23479,66720,42032,7158921864,110813504,8263556,1512238,4953708,3309848,1718122,127205,22558,75927,51278,11291,3505,7391,3900,3914,3517,-12,5387,2004,1896
130,9,7,second,95,200,14685,16462,62,83,55,15431,1182360,18298,4518,4546,326364,372202,5016,5772,-7,117,1421,366,890,531,3233,485,357,117,-7,28,45838,756,-128,-409,-210,82,117,9064,698566,10788,842,225,530,312,1197791,92327250,1428508,108714,24644,66693,42021,7158921864,110739584,8265792,1616510,4964070,3301722,1715700,127512,24374,76321,51191,11113,3445,7215,3898,3546,3291,154,5148,2067,1831
130,11,3,first,96,200,14566,16387,59,81,60,15342,1166852,18124,4280,4810,307388,381974,4728,5965,1,119,1417,380,899,518,3162,469,394,119,1,530,74586,1237,-75,-368,-162,87,119,9090,689362,10693,863,236,550,313,1182194,90312454,1402766,108066,26468,67532,40534,6929477944,107631252,8174048,1811814,5030224,3143824,1674684,126541,27392,77585,48956,11025,3350,7150,3875,3230,3106,244,5047,2103,1772
130,9,7,second,96,200,14610,16281,62,74,64,15342,1166852,18111,4517,5119,326114,405280,4974,6357,2,126,1411,351,882,529,3120,506,409,126,2,602,79166,1383,-97,-433,-202,105,126,9636,731394,11331,915,243,580,335,1182194,90312454,1401934,107340,23888,65915,41425,6929477944,107578434,8099208,1590402,4884388,3214820,1672697,125377,23678,75219,50158,10821,3294,7009,3812,3541,3201,93,5004,2005,1807
130,11,3,first,97,200,14646,16406,59,77,64,15508,1192804,18482,4336,5217,315306,421666,4855,6572,5,123,1419,336,880,539,3310,427,447,123,5,881,106360,1717,20,-357,-107,127,123,9553,736972,11427,874,163,521,353,1208312,93390890,1446943,109703,23156,66870,42833,7253652272,112376000,8416322,1555322,5039002,3377320,1743776,129828,23215,77380,52448,11023,2997,7020,4003,3358,2999,-2,4956,2064,1939
130,9,7,second,97,200,14582,16394,53,82,65,15508,1192804,18541,3877,5277,280738,424738,4327,6670,12,118,1439,255,853,586,3288,413,459,118,12,1400,144000,2343,46,-382,-109,155,118,9154,705476,10997,872,130,507,365,1208312,93390890,1451449,111205,16861,64733,46472,7253652272,112718586,8524896,1067512,4868204,3656692,1754379,131931,15750,75012,56919,11335,2403,6892,4443,3073,2547,-144,4665,2227,2216
130,11,3,first,98,200,14471,16210,48,80,72,15467,1185750,18517,3518,5805,255202,463444,3908,7316,24,120,1406,284,857,549,3334,384,464,120,24,2287,208242,3408,80,-348,-74,154,120,9323,718646,11224,848,152,512,336,1201217,92477268,1444359,108007,19336,64815,43192,7149325212,111677714,8229418,1285028,4861344,3368074,1747455,127943,19197,75274,52669,10884,2798,6881,4003,3140,2795,3,4801,2080,1923
130,9,7,second,98,200,14744,16484,67,70,63,15467,1185750,18439,4953,5082,362584,405946,5550,6382,-4,130,1428,348,886,542,3320,509,439,130,-4,129,43362,832,-70,-376,-158,88,130,10035,768530,11932,948,228,586,362,1201217,92477268,1438278,109979,24156,67132,42847,7149325212,111209322,8401986,1638896,5042122,3359864,1733219,130055,24313,77600,52455,11354,3212,7248,4106,3320,3078,134,5084,2164,1942
130,11,3,first,99,200,14648,16251,61,72,67,15354,1168874,18093,4442,5369,319888,426372,4897,6689,6,128,1440,354,900,540,3093,477,454,128,6,927,106484,1792,-23,-357,-126,103,128,9811,746260,11586,931,199,568,363,1184228,90581218,1402179,109985,24348,67630,42355,6961997572,107775924,8333772,1634132,5037194,3296578,1671679,128665,24537,77497,51168,11222,3197,7198,4024,3264,3052,145,5062,2136,1888
130,9,7,second,99,200,14514,16262,54,76,70,15354,1168874,18095,3934,5617,283552,446852,4336,6961,16,124,1425,341,891,534,3082,415,475,124,16,1683,163300,2625,60,-370,-93,153,124,9551,730404,11297,890,196,551,339,1184228,90581218,1402130,109135,23428,67123,42012,6961997572,107755762,8292718,1569826,5012922,3279796,1670625,127789,23610,77012,50777,11159,2971,7095,4064,3255,2928,43,4965,2130,1934
