batch,replica_first,samples,cpu_seconds,comparator_classification_cpu_seconds,base_sha256,l0_F_re,l0_F_im,l0_energy_re,l0_energy_im,l0_euler_energy,l0_degree5_energy,l1_F_re,l1_F_im,l1_energy_re,l1_energy_im,l1_euler_energy,l1_degree5_energy,l2_F_re,l2_F_im,l2_energy_re,l2_energy_im,l2_euler_energy,l2_degree5_energy,l3_F_re,l3_F_im,l3_energy_re,l3_energy_im,l3_euler_energy,l3_degree5_energy,l4_F_re,l4_F_im,l4_energy_re,l4_energy_im,l4_euler_energy,l4_degree5_energy,l5_F_re,l5_F_im,l5_energy_re,l5_energy_im,l5_euler_energy,l5_degree5_energy,unfiltered_variance,euler_variance
0,43700000000,200,0.701422,0.19528800000000013,c0a645eace08c63b874973b618667ec3e344491f4f8d5cf32d0bb881fe87404b,2.1666666666666665,2.598076211353316,16.888888888888847,-4.651619364994135e-18,87.36734693877547,200.0,-4.0,-2.309401076758503,-0.8333333333333335,-1.250925583244189,24.729591836734684,8.0,-1.833333333333335,6.639528095680699,-0.3888888888888889,-1.250925583244189,14.081632653061213,-2.0,1.1666666666666665,2.598076211353316,1.1666666666666672,-1.058475493514314,4.790816326530612,-12.0,-3.0000000000000027,2.886751345948129,1.2777777777777781,-1.443375672974064,0.20408163265305845,12.0,-0.8333333333333337,5.484827557301447,1.2777777777777781,-1.443375672974064,-1.4795918367346943,16.0,15.444444444444413,92.03571428571428
1,43700000200,200,0.708449,0.19703599999999954,15160c864229fb62eab0cf1f34e11c1cf75d9d2c600cb000cf390b0eda04d852,-2.333333333333334,1.7320508075688774,16.999999999999957,-3.578168742303181e-18,78.69897959183672,200.0,0.6666666666666666,5.196152422706634,1.833333333333334,0.8660254037844387,16.403061224489786,8.0,2.333333333333335,1.732050807568877,-1.0000000000000002,0.19245008972987526,2.729591836734696,-2.0,-0.5000000000000017,0.28867513459481264,-0.05555555555555547,1.443375672974064,1.474489795918368,6.0,-4.000000000000001,-2.886751345948129,-1.2777777777777781,0.6735753140545633,2.147959183673469,0.0,-3.9999999999999956,-1.1547005383792512,-1.8333333333333337,0.8660254037844386,1.260204081632652,6.0,18.055555555555546,79.98724489795914
2,43700000400,200,0.661847,0.18792099999999973,60f5c52822945f0079cd580e74f9859cad11cc3f2cbc412f8444afb073667ab1,1.8333333333333333,-0.8660254037844384,15.444444444444406,-3.5781687423031806e-19,90.8469387755102,200.0,0.9999999999999999,2.220446049250313e-16,0.6666666666666667,0.5773502691896256,25.576530612244902,4.0,-4.333333333333333,-2.886751345948129,0.16666666666666663,-0.6735753140545633,6.081632653061224,-10.0,-2.1666666666666665,1.443375672974064,0.11111111111111091,-1.1547005383792515,6.979591836734694,8.0,-0.6666666666666664,-0.5773502691896257,0.11111111111111094,8.255109309842612e-17,4.168367346938776,8.0,-0.9999999999999999,3.4641016151377553,-0.16666666666666669,0.6735753140545633,3.2346938775510203,-2.0,15.166666666666636,91.13010204081634
3,43700000600,200,0.669867,0.18912799999999963,14716aad876fda0972d6b721f6a8d386db1ebe023820b20254113f54b80a9b62,-0.33333333333333326,0.5773502691896257,14.333333333333298,3.578168742303181e-18,87.61734693877548,200.0,-2.333333333333333,5.196152422706634,0.6666666666666667,0.9622504486493763,14.2295918367347,18.0,-2.1666666666666665,0.28867513459481264,-0.4999999999999998,-0.8660254037844387,-4.163265306122448,-6.0,-3.8333333333333313,0.28867513459481264,1.1111111111111116,-0.1924500897298752,-3.8520408163265314,4.0,3.000000000000001,0.577350269189626,0.388888888888889,-0.2886751345948128,-0.6632653061224515,14.0,2.3333333333333326,1.732050807568877,-0.8333333333333335,-0.09622504486493753,-1.48469387755102,10.0,16.222222222222186,89.66581632653059
4,43700000800,200,0.685193,0.1942209999999999,3a0eabf1a2e1565a23427a445bc6158f5cfcb069613bf0613aa5fed1460293dd,-0.16666666666666674,-6.062177826491073,15.444444444444406,3.2203518680728626e-18,78.5816326530612,200.0,2.4999999999999996,-5.484827557301447,-1.1111111111111114,-8.255109309842612e-17,19.913265306122444,8.0,4.166666666666665,1.4433756729740643,-0.1666666666666666,0.09622504486493759,7.9387755102040805,16.0,1.5000000000000036,-2.02072594216369,-0.7222222222222223,0.2886751345948128,3.224489795918366,10.0,2.833333333333335,3.175426480542942,-0.9444444444444444,0.09622504486493759,-1.3418367346938802,4.0,3.333333333333333,4.0414518843273814,-0.7777777777777779,-0.5773502691896256,-0.7346938775510229,2.0,16.611111111111086,87.15306122448978
5,43700001000,200,0.7043999999999999,0.2027350000000006,2380caadf2f49f73207b52fdea1bc3c428ee90f4d09f49f798415b6e6c6dd3e8,1.166666666666666,1.4433756729740643,16.666666666666625,1.7890843711515903e-18,82.12755102040818,200.0,-5.551115123125783e-17,-1.732050807568877,1.3333333333333337,-0.9622504486493763,29.22448979591836,6.0,1.6666666666666687,2.309401076758503,-1.2777777777777781,-0.6735753140545633,7.71428571428571,18.0,-0.6666666666666677,1.1547005383792512,0.4444444444444443,-0.7698003589195009,11.576530612244897,12.0,1.5000000000000007,0.28867513459481264,0.38888888888888884,-0.2886751345948128,7.882653061224493,-20.0,-2.166666666666668,0.8660254037844384,0.1666666666666667,0.09622504486493764,5.770408163265305,-32.0,15.944444444444413,68.47448979591832
6,43700001200,200,0.73,0.2059279999999994,24be18e2b539bd51adfb752e63cc5cd37f2c23c11fac8a298a57e44c2fa5874d,-0.500000000000001,-6.639528095680699,16.444444444444404,-5.367253113454771e-18,90.38775510204081,200.0,-4.166666666666666,-2.598076211353316,1.0,2.309401076758502,7.770408163265304,8.0,0.8333333333333347,-3.175426480542942,1.166666666666667,0.2886751345948128,-3.704081632653062,-2.0,3.499999999999999,-1.443375672974064,0.11111111111111094,0.9622504486493763,-6.255102040816324,12.0,-1.4999999999999996,-5.484827557301447,-0.16666666666666652,-0.09622504486493753,-3.9081632653061216,4.0,-3.000000000000001,-5.196152422706634,0.4444444444444444,-0.1924500897298752,-3.1683673469387785,4.0,16.611111111111086,90.45153061224484
7,43700001400,200,0.687442,0.19103799999999987,d1b576ec0dbacd9a2e88846ef196acb337d502ddbf834dc4225c39aa6b865e6f,-1.6666666666666659,4.618802153517008,16.444444444444404,-5.009436239224453e-18,81.13265306122445,200.0,-2.8333333333333344,-2.02072594216369,1.7777777777777783,2.7755575615628914e-17,11.107142857142858,-12.0,-4.833333333333331,-0.8660254037844388,0.8333333333333335,0.2886751345948128,-0.43367346938775675,14.0,-5.666666666666666,1.732050807568877,-0.5555555555555554,-2.7755575615628914e-17,-0.2755102040816345,-2.0,-3.500000000000001,1.4433756729740643,0.6666666666666667,-0.3849001794597505,3.4081632653061207,-12.0,-5.166666666666668,-3.175426480542942,0.0555555555555555,0.6735753140545633,3.0918367346938758,-12.0,16.222222222222193,84.22448979591833
8,43700001600,200,0.695934,0.20050699999999977,f7d86be72f867c0e8860d9898d488e1dd30384adaf4c11f58936589a5e1ce199,1.666666666666667,5.77350269189626,17.22222222222218,-7.156337484606361e-19,80.33163265306122,200.0,1.9999999999999984,-1.1547005383792512,1.7222222222222228,0.8660254037844387,13.938775510204078,-24.0,0.833333333333333,-3.7527767497325684,0.3888888888888889,-0.09622504486493759,7.520408163265307,-14.0,1.8333333333333328,-3.7527767497325684,-0.5555555555555556,1.1547005383792515,9.724489795918366,-10.0,-0.8333333333333336,-3.175426480542942,-1.0555555555555558,-0.09622504486493753,10.52551020408163,-8.0,-0.3333333333333337,1.1547005383792512,0.11111111111111113,-0.9622504486493763,10.755102040816325,-12.0,16.61111111111109,83.86479591836728
9,43700001800,200,0.692788,0.19759399999999994,c252313a648edffa15c39316b3e0c61d248afb843d9eb60e9ae0eacca5ce3f78,2.1666666666666674,-3.175426480542942,15.111111111111073,-3.5781687423031806e-19,89.41326530612243,200.0,0.4999999999999991,-0.8660254037844384,-0.7777777777777777,0.1924500897298752,3.4438775510204045,12.0,-2.5000000000000004,-4.3301270189221945,-0.2777777777777778,-0.2886751345948129,4.505102040816323,-10.0,-2.3333333333333326,2.220446049250313e-16,1.166666666666667,-1.443375672974064,3.3877551020408134,18.0,-1.9999999999999993,-0.577350269189626,0.22222222222222218,-0.1924500897298752,4.602040816326528,18.0,-2.000000000000001,1.1547005383792512,0.6111111111111112,-0.28867513459481287,1.1479591836734704,16.0,15.44444444444441,83.91071428571428
10,43700002000,200,0.673552,0.18991200000000036,d0690f89d45af4cb1c3f6884bc04e1a65fa5a7ece07382c2106a7816596f8eaa,-2.833333333333332,1.443375672974064,16.11111111111107,-6.082886861915407e-18,100.27551020408157,200.0,-4.996003610813204e-16,2.220446049250313e-16,0.05555555555555558,0.09622504486493753,19.704081632653054,6.0,-3.4999999999999982,1.443375672974064,0.38888888888888884,-0.28867513459481287,4.494897959183671,4.0,-5.333333333333339,3.4641016151377553,0.16666666666666669,-0.6735753140545633,1.2959183673469397,-2.0,-3.1666666666666656,0.2886751345948131,0.5000000000000002,-0.2886751345948129,-4.433673469387752,-2.0,-1.0,1.1547005383792517,-0.11111111111111124,0.5773502691896257,-1.7908163265306065,-8.0,16.333333333333304,98.55612244897958
11,43700002200,200,0.673241,0.19445000000000023,9580ff5ae61619bc4d06268cf78bdcc2c6f7469079e73dc96b06a7efcdc61e45,-2.6666666666666665,1.732050807568877,14.66666666666663,-5.725069987685089e-18,95.3112244897959,200.0,3.5000000000000004,-1.4433756729740643,1.2777777777777781,0.09622504486493759,17.647959183673464,10.0,0.49999999999999933,-2.598076211353316,-0.7777777777777779,-0.5773502691896257,1.3877551020408159,-10.0,0.9999999999999999,-0.577350269189626,0.9444444444444446,-1.250925583244189,-3.494897959183671,28.0,-1.0000000000000004,3.4641016151377553,-0.27777777777777773,-0.4811252243246881,-0.22448979591836857,14.0,0.33333333333333365,1.732050807568877,-0.0555555555555558,0.09622504486493759,-1.0204081632653075,22.0,14.944444444444411,83.1301020408163
12,43700002400,200,0.6536660000000001,0.18274900000000022,53e352ed8b6cffa1b3064021e756a9c94b656b1dc13d1d31e39f13b046ce1d27,-0.33333333333333187,1.1547005383792515,15.333333333333295,-7.156337484606361e-19,80.77040816326529,200.0,1.8333333333333328,8.948929172439204,-0.6111111111111112,-0.4811252243246881,13.224489795918368,14.0,1.3333333333333335,2.309401076758503,2.111111111111112,-0.5773502691896257,3.4285714285714253,-22.0,-0.16666666666666738,3.175426480542942,0.4444444444444444,0.1924500897298752,6.801020408163265,-4.0,3.6666666666666683,-2.886751345948129,-0.055555555555555636,1.058475493514314,7.5969387755102025,-16.0,3.333333333333333,-2.309401076758503,-0.3333333333333333,0.5773502691896256,7.0714285714285685,-16.0,16.38888888888886,73.88265306122443
13,43700002600,200,0.673826,0.19062999999999958,79ae9236d2e9e68282892618bf8745a3d666cc0e09bc22b0c58bf4cf138fc011,3.4999999999999996,3.7527767497325684,17.4444444444444,1.7890843711515903e-18,80.07653061224485,200.0,0.6666666666666669,3.4641016151377553,1.3333333333333337,0.3849001794597504,6.3061224489795915,14.0,1.3333333333333321,-6.350852961085886,-1.6111111111111116,0.8660254037844387,-9.321428571428571,6.0,0.6666666666666674,-5.196152422706634,-0.7222222222222223,-0.6735753140545633,-9.775510204081636,12.0,-0.8333333333333334,-6.062177826491073,-0.7777777777777779,-0.769800358919501,-11.239795918367347,6.0,-0.5000000000000001,-4.3301270189221945,-1.2777777777777781,0.2886751345948128,-11.137755102040817,10.0,16.66666666666664,90.7142857142857
14,43700002800,200,0.691972,0.19588699999999992,d95f0c68811d9696a166cfb90a1ca0a17c03ff50348754009ecb8a8cb82bbb09,0.1666666666666668,0.28867513459481264,16.444444444444404,5.367253113454771e-18,75.94387755102038,200.0,-5.500000000000004,1.443375672974064,0.5555555555555556,-0.7698003589195009,25.244897959183668,10.0,1.8333333333333337,2.02072594216369,-0.11111111111111119,1.1547005383792515,7.892857142857134,-18.0,1.166666666666666,-4.3301270189221945,-0.7777777777777777,1.3471506281091266,3.612244897959184,-6.0,3.5000000000000013,-6.639528095680699,-0.11111111111111108,0.1924500897298752,-2.0000000000000013,-16.0,2.0,-5.196152422706634,-0.6111111111111109,0.2886751345948128,-4.8061224489795915,-22.0,17.555555555555536,91.75255102040815
15,43700003000,200,0.668033,0.18922399999999945,15799dfd02e6f86e9e2b35fddbb09712567e3dd1efe6997d357c78a3054a0eb0,1.3333333333333333,0.5773502691896257,15.333333333333295,7.156337484606361e-19,84.7806122448979,200.0,-1.833333333333333,-0.2886751345948131,0.9444444444444446,0.2886751345948129,17.556122448979586,14.0,-1.6666666666666663,4.0414518843273814,-1.2222222222222225,0.9622504486493763,2.7040816326530583,-8.0,-1.6666666666666654,-1.1547005383792512,-0.33333333333333337,-0.19245008972987526,2.8316326530612215,-8.0,-4.500000000000001,2.02072594216369,-0.38888888888888895,0.2886751345948128,3.959183673469385,-4.0,-4.000000000000001,6.350852961085886,-0.5555555555555555,-0.1924500897298752,3.1122448979591844,0.0,16.611111111111086,85.4489795918367
16,43700003200,200,0.653113,0.1836300000000024,f1603b6dfc0b76705a9eaa2cadbe8663bfc02ef38826bf3db0b7375cc2da9ed3,-2.333333333333333,-3.4641016151377553,15.111111111111073,0.0,73.66326530612243,200.0,-1.6666666666666667,-2.309401076758503,0.33333333333333326,0.3849001794597505,14.882653061224486,42.0,-2.333333333333334,1.1547005383792512,-0.6111111111111112,1.058475493514314,3.5969387755102042,16.0,-2.166666666666667,-0.2886751345948131,-0.11111111111111097,-0.19245008972987515,3.6683673469387736,0.0,-1.6666666666666665,-4.0414518843273814,0.3888888888888889,0.481125224324688,6.943877551020408,0.0,0.8333333333333341,-4.3301270189221945,8.326672684688674e-17,0.7698003589195009,3.3928571428571423,12.0,16.222222222222193,73.94897959183669
17,43700003400,200,0.6915699999999999,0.19039499999999798,15ef5131a572412f5c2542466264d8c111cf025a58ca7a96511bcbe3a9e4bcf7,-5.333333333333334,2.220446049250313e-16,15.99999999999996,-2.8625349938425445e-18,92.36224489795914,200.0,-1.6666666666666665,-1.1547005383792512,0.9444444444444446,-0.09622504486493764,10.13775510204082,-4.0,-2.1666666666666665,2.02072594216369,-0.9444444444444444,-0.8660254037844386,3.2346938775510186,-8.0,1.9999999999999996,0.577350269189626,-0.7222222222222219,-0.481125224324688,-2.5663265306122445,-18.0,3.9999999999999996,-1.1547005383792512,5.551115123125783e-17,0.769800358919501,2.0306122448979576,-22.0,2.999999999999997,1.7320508075688774,-0.38888888888888884,-0.6735753140545633,-1.5765306122448968,-16.0,15.611111111111079,89.53061224489794
18,43700003600,200,0.640071,0.18304800000000088,112ef3d0f47df59c09e47525b8fc554bfb23140142d439dc8758e7097c3e7ebc,-1.666666666666666,-3.4641016151377553,16.555555555555515,-2.1469012453819084e-18,86.984693877551,200.0,-4.333333333333332,-0.5773502691896255,-0.5555555555555554,-1.7320508075688767,17.051020408163257,-16.0,-2.666666666666665,2.886751345948129,0.8333333333333335,1.058475493514314,8.484693877551019,-24.0,2.0,2.886751345948129,-0.3333333333333335,0.7698003589195009,-2.209183673469389,-16.0,3.6666666666666643,0.5773502691896255,-0.6111111111111112,0.481125224324688,1.6020408163265305,-2.0,6.16666666666667,-1.4433756729740645,-0.7777777777777777,0.3849001794597504,4.183673469387753,4.0,16.11111111111108,83.08163265306116
19,43700003800,200,0.740098,0.21200700000000094,76a6526b478e72309ed372f9beae49fd6871574fcff7b0d29bb9d445e45e9edb,1.999999999999999,-2.220446049250313e-16,16.333333333333293,-4.293802490763817e-18,85.39285714285711,200.0,-2.3333333333333335,-1.732050807568877,0.5555555555555554,0.19245008972987526,23.877551020408152,8.0,-2.6666666666666665,-2.309401076758503,0.05555555555555536,1.058475493514314,3.316326530612242,4.0,-0.666666666666667,-5.196152422706634,-0.16666666666666674,0.09622504486493753,-8.122448979591837,14.0,2.8333333333333304,-3.175426480542942,0.05555555555555547,-0.8660254037844386,-9.897959183673471,26.0,2.6666666666666647,-2.220446049250313e-16,-0.8333333333333333,0.09622504486493759,-8.056122448979593,24.0,17.222222222222204,91.40816326530611
20,43700004000,200,0.662996,0.18654399999999982,acb2c1134837a017672867c20d7d00a13b7741004b9a9649e151dbae13af4f95,3.3306690738754696e-16,3.4641016151377553,14.999999999999963,-2.8625349938425445e-18,82.67857142857139,200.0,2.666666666666666,-1.1547005383792512,0.6111111111111112,-0.8660254037844386,18.1734693877551,4.0,-4.166666666666666,0.8660254037844384,0.11111111111111113,-2.7755575615628914e-17,3.790816326530609,0.0,0.8333333333333327,1.4433756729740645,-1.6653345369377348e-16,0.1924500897298752,1.9642857142857155,10.0,-1.3333333333333344,-1.1547005383792512,-0.16666666666666669,0.6735753140545633,2.0000000000000004,14.0,-2.166666666666667,1.443375672974064,0.22222222222222224,0.9622504486493763,-0.0612244897959206,20.0,16.11111111111108,88.62755102040816
21,43700004200,200,0.662302,0.18740800000000135,b665b115e82c69a1fdca1002c7e41cdeb8c31582e04cf559de2e50b9a09b5bad,-1.1666666666666643,-1.443375672974064,16.222222222222182,1.7890843711515903e-18,78.24999999999994,200.0,-2.999999999999999,-1.732050807568877,0.3888888888888889,-0.481125224324688,16.30612244897959,-6.0,-4.000000000000002,0.577350269189626,1.4444444444444449,-0.5773502691896256,8.250000000000004,10.0,-0.49999999999999856,-1.443375672974064,1.7777777777777783,-0.5773502691896256,5.137755102040815,-30.0,0.3333333333333335,-3.4641016151377553,1.2777777777777781,-0.28867513459481287,-1.5510204081632648,-16.0,3.3333333333333326,-2.886751345948129,1.1111111111111114,-0.1924500897298752,0.08163265306122292,-14.0,14.222222222222191,77.484693877551
22,43700004400,200,0.7126110000000001,0.19646100000000033,274a23c4f79c93be5f84bea6f91d75ad5b949edf68a20989b22a7a1469cdc2df,-2.6666666666666674,-1.1547005383792517,15.888888888888848,2.8625349938425445e-18,82.33673469387752,200.0,-2.3333333333333335,-5.196152422706634,0.7777777777777779,-0.3849001794597504,11.05102040816326,-8.0,-0.8333333333333333,2.02072594216369,1.7222222222222225,-0.2886751345948128,-5.826530612244898,-4.0,0.16666666666666693,-3.7527767497325684,0.11111111111111102,0.19245008972987526,-7.852040816326532,-18.0,3.4999999999999987,-1.443375672974064,-0.11111111111111108,-0.1924500897298752,-10.418367346938773,-32.0,0.6666666666666662,-0.577350269189626,0.3333333333333329,0.19245008972987532,-7.688775510204082,-38.0,15.666666666666632,84.54591836734693
23,43700004600,200,0.671374,0.19087500000000013,444f5c10dbfd03d9be1e2fbe49f8a2bf5a37085d9abe20e02a21e711d0195346,-5.833333333333335,0.8660254037844384,15.333333333333295,-3.5781687423031806e-19,88.4489795918367,200.0,1.333333333333333,-3.4641016151377553,1.166666666666667,2.2131760318935645,14.04591836734694,24.0,-3.000000000000001,0.5773502691896257,-0.8888888888888888,0.7698003589195009,7.540816326530611,8.0,-0.6666666666666672,8.082903768654765,-0.6111111111111109,0.8660254037844386,4.459183673469387,-6.0,-4.166666666666665,0.8660254037844384,-0.16666666666666669,0.8660254037844386,3.5969387755102034,24.0,-6.16666666666667,2.02072594216369,-1.0555555555555556,1.058475493514314,-2.8265306122448948,-2.0,15.999999999999964,87.5306122448979
24,43700004800,200,0.6636460000000001,0.1895409999999994,7412713826ba9471e9c6fde7a787c8357adab4e68b90a9489cc15fcf3a264be1,-3.5000000000000018,-0.8660254037844384,16.666666666666625,-2.5047181196122264e-18,94.56122448979589,200.0,0.3333333333333334,3.4641016151377553,-0.6111111111111112,-0.8660254037844386,22.68367346938774,2.0,1.1666666666666665,1.443375672974064,-0.22222222222222213,-8.326672684688674e-17,3.612244897959183,-2.0,-0.3333333333333337,3.4641016151377553,-0.8888888888888891,0.3849001794597505,0.7500000000000019,6.0,0.8333333333333345,3.175426480542942,-0.38888888888888884,0.2886751345948129,3.3673469387755097,8.0,-0.49999999999999856,2.598076211353316,-8.326672684688674e-17,0.19245008972987532,2.086734693877552,-4.0,16.333333333333304,95.76530612244895
25,43700005000,200,0.691801,0.19635700000000056,9205d8a67c2088e4bfc34b4f00dde93653926f4db30f3a2fcbf0b47bec3d9961,-0.8333333333333331,3.175426480542942,16.333333333333293,-3.5781687423031806e-19,78.81632653061224,200.0,-2.000000000000001,1.1547005383792512,0.8888888888888891,8.326672684688674e-17,25.91326530612242,14.0,-2.0,0.577350269189626,0.38888888888888895,0.4811252243246881,10.82142857142858,14.0,-5.666666666666667,1.732050807568877,-0.5555555555555556,0.19245008972987532,3.2959183673469368,2.0,-2.4999999999999982,-0.8660254037844384,-0.9444444444444446,-1.058475493514314,11.005102040816324,2.0,-3.666666666666666,0.5773502691896255,-1.0000000000000002,-0.19245008972987515,7.698979591836735,-8.0,16.77777777777776,73.50255102040813
26,43700005200,200,0.683302,0.19707499999999945,8d059b3ca7f988d124a601b8d3a5045f100e49da2e2f1d6bba50ba96878de5ea,-8.66666666666667,-1.1547005383792512,16.888888888888847,1.4312674969212723e-18,93.85714285714283,200.0,0.6666666666666666,1.732050807568877,0.49999999999999994,-0.2886751345948129,12.60714285714286,8.0,1.8333333333333333,-0.2886751345948131,-1.0000000000000002,-8.326672684688674e-17,-3.2500000000000027,8.0,2.3333333333333335,-2.886751345948129,-0.38888888888888906,-0.6735753140545633,-14.188775510204076,16.0,1.999999999999999,-2.886751345948129,-0.7777777777777779,-0.769800358919501,-17.84183673469387,8.0,-1.4999999999999993,-3.7527767497325684,-0.7222222222222221,-1.250925583244189,-14.147959183673462,4.0,16.388888888888857,103.17346938775506
27,43700005400,200,0.7189049999999999,0.20352200000000076,fa2902b9bd8809068b3a5314dfa01384e1effbafefa159528b5130d03ff7030b,-0.33333333333333337,-1.732050807568877,16.222222222222182,2.1469012453819084e-18,88.70918367346937,200.0,1.4999999999999993,2.02072594216369,0.0,0.38490017945975036,16.60204081632654,16.0,0.6666666666666666,5.77350269189626,0.8888888888888888,1.1547005383792515,4.030612244897958,-28.0,0.16666666666666585,6.062177826491073,0.4444444444444442,2.7755575615628914e-17,1.1887755102040793,-6.0,-2.9999999999999987,1.732050807568877,-1.2222222222222225,0.19245008972987526,-4.209183673469386,4.0,-1.8333333333333355,4.907477288111821,-1.5000000000000004,-0.0962250448649377,-5.000000000000001,8.0,16.222222222222193,88.52040816326532
28,43700005600,200,0.6670960000000001,0.18801400000000024,692639e28e7f506256243ad091d7a56c8806be97fe1caab5a132b347a9d06227,-5.499999999999997,-0.8660254037844384,16.333333333333293,-3.2203518680728626e-18,101.44387755102035,200.0,-2.6666666666666674,-5.196152422706634,0.5555555555555554,-0.9622504486493763,19.69897959183673,26.0,1.666666666666667,0.0,0.5000000000000001,0.09622504486493764,12.571428571428571,-2.0,-2.500000000000001,-2.598076211353316,-0.4444444444444445,0.3849001794597505,6.683673469387756,6.0,-5.499999999999999,-1.443375672974064,-0.33333333333333304,1.1547005383792515,0.8979591836734687,-6.0,-1.8333333333333317,-3.175426480542942,0.38888888888888895,2.0207259421636894,1.3571428571428559,-8.0,15.444444444444411,95.83928571428567
29,43700005800,200,0.691431,0.19732200000000066,c83bfd9055dd80ed452efed19c28f752c544a08fc47376fd20d38ca3f63d5520,-3.166666666666668,-3.7527767497325684,16.444444444444404,2.5047181196122264e-18,74.69387755102038,200.0,3.8333333333333344,1.443375672974064,-0.49999999999999983,1.250925583244189,17.923469387755095,8.0,-3.666666666666669,-0.5773502691896257,-0.5,0.481125224324688,4.913265306122449,-2.0,-1.166666666666666,5.484827557301447,0.16666666666666674,1.250925583244189,-5.688775510204081,2.0,1.1666666666666674,4.907477288111821,-0.05555555555555558,-0.09622504486493759,-3.494897959183673,-16.0,1.3333333333333341,4.0414518843273814,-0.27777777777777773,0.28867513459481287,-3.0816326530612255,-16.0,17.49999999999998,79.22448979591832
30,43700006000,200,0.6506419999999999,0.18501099999999937,a3f2d406c6f36e98ec9f1bf650666e522386beb4d459be9c598513593faf0cbb,-0.8333333333333333,0.8660254037844386,15.555555555555516,-3.935985616533499e-18,98.44387755102036,200.0,-1.666666666666668,2.309401076758503,-0.16666666666666657,-1.058475493514314,25.428571428571406,26.0,-0.666666666666667,6.928203230275512,0.05555555555555558,-0.6735753140545633,12.83673469387755,-6.0,-0.8333333333333335,1.443375672974064,-0.4444444444444443,-0.3849001794597504,4.091836734693876,6.0,-0.16666666666666732,2.598076211353316,-0.7222222222222223,-0.6735753140545633,2.984693877551019,10.0,-0.16666666666666644,4.907477288111821,-0.2777777777777777,-1.250925583244189,2.6224489795918355,6.0,15.888888888888856,84.54081632653057
31,43700006200,200,0.6925779999999999,0.19394199999999884,3de79adeaf758a8608ea582ac63a317a5712a1001a338a8aa04fa2ee9453bbf5,-0.5000000000000011,1.443375672974064,16.444444444444404,3.2203518680728626e-18,84.68877551020404,200.0,2.5000000000000004,0.28867513459481287,1.2222222222222225,1.5396007178390017,12.38775510204082,8.0,0.8333333333333311,5.484827557301447,0.055555555555555636,0.8660254037844386,2.8010204081632635,2.0,-2.499999999999998,-3.175426480542942,1.3888888888888893,1.250925583244189,-2.3418367346938727,-10.0,-0.8333333333333333,-6.062177826491073,1.1111111111111114,0.1924500897298752,-1.8010204081632635,12.0,-1.3333333333333335,-4.0414518843273814,-0.6666666666666667,-0.5773502691896257,-3.311224489795916,12.0,16.722222222222204,84.76020408163264
32,43700006400,200,0.6767749999999999,0.18966799999999995,aad785cb1294860befd73469d280f199520dd2fbefdaf7c3b88c2a4f5fd3c7d6,-4.0,8.66025403784439,15.99999999999996,-2.1469012453819084e-18,98.17857142857139,200.0,-1.8333333333333326,-2.598076211353316,0.6111111111111112,1.6358257627039392,17.91836734693878,-12.0,0.1666666666666677,-0.28867513459481287,-0.9444444444444449,1.058475493514314,-4.525510204081633,-16.0,-0.5000000000000006,-2.598076211353316,-0.3333333333333336,1.1547005383792515,-6.0102040816326525,-2.0,1.9999999999999984,-1.732050807568877,0.666666666666667,-0.1924500897298752,-1.0408163265306136,0.0,-0.33333333333333204,2.309401076758503,-0.33333333333333326,-2.7755575615628914e-17,7.418367346938774,8.0,16.611111111111082,87.54846938775508
33,43700006600,200,0.6560279999999998,0.1784980000000007,d6fd5568d46779612e5fd67b13aea92c04f26de599de58bbbfc6b88b0da9b5a4,2.833333333333335,-1.4433756729740643,15.555555555555516,-1.0734506226909542e-18,70.07142857142854,200.0,-1.5000000000000007,-3.7527767497325684,0.11111111111111108,-0.7698003589195009,19.35204081632652,24.0,-5.166666666666668,0.28867513459481264,-2.000000000000001,0.5773502691896256,-1.3979591836734684,-24.0,-2.66666666666667,-1.1547005383792512,0.33333333333333337,-0.3849001794597505,-6.112244897959184,-10.0,-1.6666666666666667,-2.309401076758503,0.9444444444444446,0.0962250448649377,-6.163265306122449,-12.0,-2.9999999999999987,-1.732050807568877,0.5555555555555557,0.3849001794597504,-5.989795918367346,-12.0,14.38888888888886,85.72704081632648
34,43700006800,200,0.684064,0.19114800000000054,10e973bea732c47fddaeaa418da6a3bbd75c26514c31606858fe28656a4b8fd3,-2.4999999999999982,-0.2886751345948131,16.555555555555515,-3.5781687423031806e-19,82.5816326530612,200.0,1.0,4.618802153517008,0.7777777777777779,0.1924500897298752,-1.9897959183673466,-4.0,-1.1666666666666672,-1.443375672974064,-0.2777777777777778,0.481125224324688,-4.290816326530614,16.0,2.5000000000000013,1.443375672974064,-0.05555555555555547,-0.09622504486493759,0.8571428571428572,20.0,1.9999999999999998,4.618802153517008,0.2222222222222224,2.7755575615628914e-17,-4.153061224489793,-8.0,3.1666666666666665,3.7527767497325684,0.4999999999999998,0.09622504486493764,-2.5204081632653055,0.0,16.166666666666636,85.06377551020404
35,43700007000,200,0.6950270000000001,0.19729400000000075,12aa77d7f7218a30ea21d712ae3e80f01f7d825115afe67a4b07b8710cba1d97,-2.833333333333332,2.02072594216369,15.555555555555516,1.0734506226909542e-18,77.39795918367344,200.0,-0.9999999999999991,-0.5773502691896255,1.3333333333333335,2.7755575615628914e-17,16.913265306122437,-12.0,0.8333333333333338,-1.443375672974064,0.055555555555555636,-0.28867513459481275,9.025510204081629,-12.0,-2.1666666666666665,2.598076211353316,0.38888888888888895,-0.2886751345948129,6.862244897959184,-6.0,-1.5000000000000004,0.28867513459481287,-0.3333333333333333,-1.1547005383792515,2.1836734693877524,-10.0,-0.5000000000000024,2.02072594216369,0.11111111111111113,-1.3471506281091266,4.83673469387755,-10.0,15.111111111111079,73.4489795918367
36,43700007200,200,0.6620139999999999,0.18460299999999874,4c12ad33c7a0bd4dd30aeb65265b3618be07e0d884d9a96c38d3bc99fb5da0e7,2.333333333333333,1.1547005383792515,16.11111111111107,-4.293802490763817e-18,106.454081632653,200.0,-2.8333333333333317,-0.28867513459481287,-1.1111111111111112,-0.9622504486493763,33.06632653061224,8.0,4.166666666666667,-3.7527767497325684,-0.33333333333333326,0.19245008972987532,2.806122448979589,-10.0,-4.0,-2.886751345948129,0.33333333333333337,-0.7698003589195009,-4.566326530612242,-12.0,-1.8333333333333344,0.8660254037844384,-0.6111111111111109,-1.058475493514314,-1.4285714285714293,-18.0,-3.499999999999999,1.443375672974064,-0.22222222222222213,-0.9622504486493763,-6.2397959183673475,-14.0,16.99999999999998,103.64285714285715
37,43700007400,200,0.6961310000000003,0.19458199999999826,c664568c9d1600dab881118ff31864c1192f057ba212c3076856a64d034f5819,2.0,2.309401076758503,15.333333333333295,1.4312674969212723e-18,79.7142857142857,200.0,-0.6666666666666664,-6.928203230275512,0.2777777777777777,-3.17542648054294,13.688775510204085,16.0,4.166666666666664,3.175426480542942,0.6666666666666665,0.9622504486493763,-3.484693877551022,-14.0,-0.49999999999999933,3.7527767497325684,1.0,0.3849001794597504,-3.836734693877553,4.0,-6.106226635438361e-16,4.618802153517008,-0.8888888888888891,0.5773502691896256,1.0663265306122436,16.0,-2.333333333333331,4.0414518843273814,-0.33333333333333337,0.9622504486493763,0.42346938775509907,18.0,14.99999999999997,80.05357142857143
38,43700007600,200,0.6465480000000001,0.18131399999999975,f66aba8f1eb55a6dda8379bb0968c8eee957436b2f798c899cf4c8f8196bf046,3.166666666666666,2.02072594216369,16.666666666666625,-1.7890843711515903e-18,83.68367346938773,200.0,-1.5000000000000002,3.175426480542942,0.4444444444444444,-0.3849001794597505,13.020408163265298,6.0,4.440892098500626e-16,-2.220446049250313e-16,-1.6653345369377348e-16,1.3471506281091266,6.841836734693878,4.0,-0.666666666666668,-1.1547005383792512,0.8333333333333333,1.250925583244189,8.571428571428575,18.0,-4.166666666666667,-1.443375672974064,0.8333333333333335,1.250925583244189,2.999999999999999,18.0,-4.333333333333335,-3.4641016151377553,1.1111111111111112,1.3471506281091266,-2.3367346938775513,18.0,14.888888888888859,87.31632653061224
39,43700007800,200,0.6849430000000001,0.1944870000000012,83c13c175459324829a1b815c7301d1762ec8a91d54ba687181ec5bbc5c5620c,-0.3333333333333335,-0.5773502691896255,15.888888888888848,-7.156337484606361e-19,99.64285714285714,200.0,4.333333333333333,1.1547005383792512,1.4444444444444449,-0.19245008972987526,27.459183673469393,0.0,1.1666666666666667,0.28867513459481264,0.5555555555555554,-8.326672684688674e-17,6.091836734693878,10.0,1.833333333333333,-0.28867513459481264,-1.2777777777777781,-0.2886751345948128,8.71428571428571,4.0,0.5,-0.28867513459481287,-0.9444444444444444,0.09622504486493764,6.306122448979589,-2.0,3.166666666666666,-2.02072594216369,-0.7777777777777779,0.1924500897298752,7.224489795918366,4.0,16.3333333333333,97.12499999999996
40,43700008000,200,0.7328149999999998,0.2070179999999986,8200c7d0c8db42a426194f25d5fe86860b7a9e502b3b7b227be295a23fb11c0d,1.0000000000000007,-0.577350269189626,16.888888888888847,-2.1469012453819084e-18,69.98469387755101,200.0,-2.9999999999999973,0.0,-0.05555555555555572,-0.481125224324688,13.36224489795918,8.0,5.16666666666667,0.8660254037844386,0.6666666666666667,-8.326672684688674e-17,4.54591836734694,-6.0,-4.718447854656915e-16,2.886751345948129,-1.0555555555555558,-0.6735753140545633,5.030612244897957,-12.0,-1.9999999999999993,2.309401076758503,0.2777777777777778,-0.09622504486493759,6.158163265306122,8.0,-3.1666666666666656,0.28867513459481264,0.11111111111111113,2.7755575615628914e-17,7.520408163265307,16.0,16.83333333333331,74.96428571428571
41,43700008200,200,0.6583089999999998,0.18497899999999978,c8f82fc566a708ff5ed217832900e40eea44e846bd95c749cef00b10fddc1ab9,0.6666666666666653,-1.1547005383792512,15.444444444444406,1.4312674969212723e-18,75.09183673469384,200.0,0.333333333333333,2.220446049250313e-16,0.2777777777777778,0.481125224324688,24.362244897959176,2.0,-1.6666666666666672,5.196152422706634,-0.22222222222222227,-0.9622504486493764,14.321428571428562,-2.0,-3.0,4.0414518843273814,-0.7222222222222223,-0.2886751345948128,10.744897959183671,2.0,-3.8333333333333326,4.907477288111821,-0.44444444444444453,-1.1547005383792515,7.739795918367347,16.0,-3.333333333333334,8.082903768654765,-0.7777777777777779,-0.769800358919501,7.719387755102044,8.0,16.27777777777775,76.74744897959181
42,43700008400,200,0.7015099999999999,0.19961600000000113,b6671a8685cb058dc6ea0fb824426fb27f1659dfa47ace5a94a668cae88d6e1f,-1.166666666666666,6.639528095680699,15.888888888888848,-2.5047181196122264e-18,91.923469387755,200.0,2.1666666666666665,-2.02072594216369,0.9444444444444444,-0.4811252243246881,32.71938775510203,38.0,4.499999999999999,-1.443375672974064,-0.22222222222222224,-0.3849001794597505,8.602040816326532,28.0,-0.8333333333333333,1.4433756729740645,0.8333333333333335,-0.6735753140545634,4.63265306122449,26.0,-2.5,-0.28867513459481264,1.0,0.7698003589195009,0.7142857142857115,36.0,1.666666666666667,-2.220446049250313e-16,1.0,0.3849001794597505,5.0816326530612255,28.0,14.999999999999966,84.47704081632652
43,43700008600,200,0.711338,0.1983459999999999,b96c3fa474d04d6c5ec97d5dd836510232676aa524f45396c1f96326713d611a,-6.666666666666668,0.0,17.111111111111068,-7.156337484606361e-19,93.44387755102039,200.0,-1.5000000000000004,-0.8660254037844388,0.05555555555555547,0.6735753140545633,18.811224489795904,-8.0,-0.999999999999999,-2.309401076758503,-0.27777777777777757,-0.2886751345948128,0.31122448979591694,-12.0,-1.0,0.577350269189626,-0.5,-0.28867513459481275,-2.576530612244897,0.0,-1.8333333333333341,-3.175426480542942,-0.38888888888888884,-0.6735753140545633,5.515306122448979,10.0,-2.8333333333333335,0.2886751345948131,0.11111111111111108,-0.5773502691896256,5.678571428571428,14.0,17.499999999999996,82.36734693877548
44,43700008800,200,0.6999349999999998,0.19902599999999993,6b5c533e96c704698659246acdc137e66d53593917f81bc3817ddf327302c612,-0.333333333333333,-2.309401076758503,16.999999999999957,4.293802490763817e-18,71.47959183673466,200.0,4.666666666666667,-3.4641016151377553,1.555555555555556,0.5773502691896256,13.581632653061222,8.0,3.1666666666666665,-3.175426480542942,-0.27777777777777773,-0.48112522432468796,6.2755102040816295,-28.0,2.1666666666666674,-0.2886751345948131,0.16666666666666693,0.2886751345948129,-2.923469387755106,-8.0,2.6666666666666683,0.5773502691896255,-1.166666666666667,0.8660254037844386,-4.887755102040814,2.0,4.666666666666669,0.5773502691896255,5.551115123125783e-17,1.9245008972987518,-3.3367346938775517,-2.0,16.27777777777775,87.57397959183665
45,43700009000,200,0.710393,0.20134399999999864,9242eed1cc05e1e57f347240c15b3f31a5765362850b73ec69ea311752baf677,3.833333333333335,-7.794228634059952,14.777777777777741,-4.651619364994135e-18,80.95408163265303,200.0,-2.000000000000002,-2.309401076758503,1.388888888888889,-0.481125224324688,30.102040816326515,10.0,2.1666666666666643,2.598076211353316,-0.055555555555555386,-0.4811252243246881,16.81632653061225,6.0,0.6666666666666665,-4.0414518843273814,2.7755575615628914e-17,0.3849001794597504,17.188775510204078,-10.0,0.8333333333333339,-2.598076211353316,-0.33333333333333326,-0.769800358919501,10.8469387755102,-10.0,1.1666666666666665,-3.7527767497325684,-0.6666666666666665,-0.3849001794597505,9.62755102040816,-24.0,16.277777777777747,71.6734693877551
46,43700009200,200,0.726574,0.20309600000000105,10292503e8ce390108a8f1613111050e67baa5e993e98ba96bfb26894e6912f3,-1.9999999999999998,0.5773502691896255,16.555555555555515,-7.871971233066997e-18,87.65306122448976,200.0,-2.6666666666666647,-2.886751345948129,1.1111111111111114,-0.5773502691896256,13.37244897959184,2.0,3.1666666666666647,0.8660254037844386,-0.5,1.250925583244189,-8.091836734693878,12.0,-1.3333333333333344,-0.5773502691896255,-0.9444444444444444,0.09622504486493764,-8.357142857142856,16.0,-3.0,-5.196152422706634,-0.7777777777777779,-2.7755575615628914e-17,-12.596938775510198,2.0,7.216449660063518e-16,-2.309401076758503,-1.8888888888888893,-8.326672684688674e-17,-7.306122448979596,6.0,18.16666666666666,98.40051020408153
47,43700009400,200,0.6871959999999997,0.19401000000000157,dfa948457e81edd88da5a4238f5534b017542f3521836adee620c9ae948b4d73,1.0000000000000009,1.1547005383792512,14.999999999999963,7.156337484606361e-19,74.28571428571425,200.0,1.1666666666666663,-0.8660254037844384,8.326672684688674e-17,2.7755575615628914e-17,20.607142857142843,-16.0,-0.16666666666666508,3.175426480542942,0.2777777777777778,-1.443375672974064,8.311224489795922,18.0,1.666666666666667,1.1547005383792512,0.11111111111111113,2.7755575615628914e-17,6.107142857142854,12.0,-1.1666666666666665,2.598076211353316,-0.2777777777777778,0.09622504486493764,4.811224489795916,12.0,0.33333333333333254,1.1547005383792512,0.2777777777777777,0.481125224324688,3.336734693877553,18.0,15.888888888888852,81.33928571428567
48,43700009600,200,0.708364,0.20177800000000135,cff7791743e2aa2ff3fb78aabbb369a8128d4cb9feb22c7af55ff60faa3455d6,4.999999999999997,2.309401076758503,16.999999999999957,-9.30323872998827e-18,90.38775510204076,200.0,2.7755575615628914e-16,-4.618802153517008,-0.22222222222222235,0.19245008972987515,13.71938775510204,-20.0,-1.1666666666666665,0.8660254037844386,0.2777777777777778,0.6735753140545633,-1.520408163265306,10.0,1.6666666666666683,-0.5773502691896255,0.16666666666666669,0.2886751345948129,-2.4234693877551043,-2.0,-1.5000000000000009,-0.8660254037844384,-0.3888888888888887,-0.2886751345948128,-2.3316326530612264,8.0,0.5000000000000006,0.2886751345948131,0.11111111111111116,0.1924500897298752,0.4183673469387733,6.0,16.277777777777747,85.08673469387756
49,43700009800,200,0.6793309999999999,0.18950799999999823,a8a3f72d6a81a1e62843b5b357ff1327a125f33d02f460e73fec98c16c0aec14,3.0000000000000004,-3.4641016151377553,15.888888888888848,-2.1469012453819084e-18,80.27040816326523,200.0,-2.666666666666666,8.66025403784439,-0.11111111111111116,-0.9622504486493763,23.3469387755102,32.0,-1.1666666666666663,-1.443375672974064,-0.38888888888888895,1.250925583244189,2.71938775510204,-2.0,-2.1666666666666674,0.8660254037844384,0.11111111111111113,0.19245008972987526,-6.448979591836734,2.0,-0.5000000000000006,2.02072594216369,0.38888888888888884,-0.481125224324688,-9.382653061224485,2.0,-0.16666666666666716,2.02072594216369,-0.16666666666666682,-0.8660254037844386,-7.066326530612243,8.0,16.666666666666643,86.73214285714285
50,43700010000,200,0.723973,0.20034300000000238,85a31cd6b31adc887e3c2205f6a871115284793fd3a30f75941aa9dfe774e1c8,-5.66666666666667,-1.732050807568877,15.333333333333295,-7.156337484606361e-19,83.55612244897955,200.0,1.6653345369377348e-16,1.1547005383792512,0.6111111111111112,0.6735753140545633,26.63265306122447,16.0,-0.4999999999999999,2.598076211353316,-0.16666666666666669,-0.8660254037844386,6.566326530612247,18.0,-1.999999999999999,1.1547005383792512,-1.942890293094024e-16,-0.1924500897298752,-1.53061224489796,10.0,0.833333333333333,3.7527767497325684,-0.8333333333333335,1.250925583244189,-3.3673469387755097,-16.0,-0.8333333333333338,4.907477288111821,-1.166666666666667,1.250925583244189,-4.331632653061223,-14.0,17.11111111111109,78.61734693877548
51,43700010200,200,0.725838,0.20530699999999769,d413982c019f52ff6ad0fabb121a1d2980be697dae141632c4b839815377524c,-0.6666666666666661,-1.732050807568877,16.888888888888847,-2.1469012453819084e-18,84.08673469387752,200.0,-5.333333333333328,2.220446049250313e-16,1.166666666666667,-1.443375672974064,20.857142857142836,2.0,-1.8333333333333335,2.598076211353316,-0.4444444444444442,-0.5773502691896257,3.5765306122449005,0.0,-6.666666666666668,-2.309401076758503,-0.6666666666666667,0.7698003589195009,2.6632653061224483,-16.0,-5.499999999999998,0.8660254037844384,0.27777777777777773,-1.058475493514314,0.32653061224489527,-28.0,-7.3333333333333375,-2.309401076758503,0.2777777777777778,-1.443375672974064,-0.6581632653061229,-32.0,16.722222222222204,84.829081632653
52,43700010400,200,0.746092,0.2118130000000007,0f4c7ea330658ffe229ebab716be5649955ff9f04a17081b1a4c82e6defaf543,-2.333333333333332,-1.1547005383792512,15.777777777777738,1.4312674969212723e-18,99.969387755102,200.0,-5.666666666666668,-4.0414518843273814,1.4444444444444449,-1.3471506281091266,20.647959183673475,0.0,-4.166666666666667,0.8660254037844388,-1.6111111111111116,-0.2886751345948129,11.4234693877551,6.0,-0.3333333333333327,-0.5773502691896255,-1.5000000000000004,0.09622504486493764,6.892857142857144,22.0,-2.3333333333333353,2.886751345948129,-0.5555555555555554,0.9622504486493763,8.433673469387756,12.0,0.3333333333333324,4.0414518843273814,-0.05555555555555547,0.6735753140545633,9.41326530612245,12.0,16.11111111111108,76.0892857142857
53,43700010600,200,0.6857359999999999,0.19089300000000087,74499cfabcbba36615c0bb27398f7d80ed939d594fc3c7cd68125127a5702650,-1.000000000000001,-1.732050807568877,16.11111111111107,-2.1469012453819084e-18,77.84693877551013,200.0,0.3333333333333328,-0.5773502691896255,1.166666666666667,0.6735753140545633,7.653061224489793,6.0,-2.0000000000000004,-2.886751345948129,0.9444444444444446,-0.2886751345948129,-3.9438775510204094,28.0,1.3333333333333333,1.732050807568877,0.16666666666666666,-0.481125224324688,-6.714285714285714,26.0,1.4999999999999993,1.443375672974064,0.05555555555555547,-0.2886751345948129,-6.816326530612243,20.0,2.7755575615628914e-17,1.732050807568877,0.5000000000000002,-0.0962250448649377,-11.0,14.0,15.722222222222188,95.6785714285714
54,43700010800,200,0.7183760000000001,0.20225899999999442,7e8b7644c13b4421738b76817fea69062e7ac212f918254d6e5965fcc4581137,-3.4999999999999996,7.216878364870325,15.99999999999996,3.935985616533499e-18,73.49999999999997,200.0,6.333333333333335,-0.5773502691896255,0.44444444444444453,-1.5396007178390017,12.209183673469386,2.0,0.6666666666666666,-2.309401076758503,0.49999999999999994,0.28867513459481275,3.734693877551022,0.0,6.666666666666668,-0.5773502691896255,1.555555555555556,0.3849001794597505,-5.443877551020407,-8.0,6.33333333333334,2.886751345948129,0.33333333333333326,0.19245008972987532,-3.316326530612246,4.0,5.000000000000004,1.1547005383792517,0.49999999999999956,0.4811252243246881,-7.020408163265306,-2.0,16.222222222222193,90.469387755102
55,43700011000,200,0.7293779999999996,0.2029889999999983,c5ebb0fc82de5c8abafe751201b71baefbac472eb6ae17302eb384a5da39ae0c,0.6666666666666667,-2.309401076758503,15.555555555555516,-2.1469012453819084e-18,96.64285714285708,200.0,-3.6666666666666674,-2.309401076758503,0.49999999999999967,-0.4811252243246881,13.469387755102044,-24.0,2.3333333333333326,2.886751345948129,-0.6111111111111109,-1.8282758524338143,-1.5459183673469412,-8.0,3.9999999999999996,4.0414518843273814,0.611111111111111,-0.6735753140545634,-11.153061224489797,10.0,4.5,5.484827557301447,-0.16666666666666669,0.8660254037844386,-12.153061224489795,8.0,1.3333333333333333,2.886751345948129,-0.5555555555555556,1.1547005383792515,-13.821428571428559,12.0,16.05555555555552,102.98979591836738
56,43700011200,200,0.6625809999999999,0.18981300000000179,3288caf0ee5ba4174b8d8c50de07b77206c3356127ad6d89f9cd6fb31b554370,1.8333333333333346,2.598076211353316,16.444444444444404,5.367253113454771e-18,96.37755102040809,200.0,-1.9999999999999998,-1.732050807568877,0.16666666666666666,-0.6735753140545633,22.89285714285714,0.0,10.666666666666663,-4.0414518843273814,-0.055555555555556024,2.2131760318935645,10.020408163265305,-26.0,-0.1666666666666676,-2.02072594216369,0.38888888888888895,1.443375672974064,7.770408163265316,6.0,-1.333333333333334,0.577350269189626,-0.11111111111111091,0.7698003589195009,3.673469387755109,-10.0,-1.8333333333333328,-0.28867513459481264,-1.1111111111111112,0.7698003589195009,4.637755102040821,2.0,17.222222222222204,93.47704081632648
57,43700011400,200,0.6502150000000002,0.17948099999999734,805ac3db2bb56a5de1905b95e3feb143612d888f1d456cc77f5ad960576172d3,0.6666666666666673,-4.618802153517008,15.888888888888848,-7.156337484606361e-18,83.62755102040812,200.0,-2.5000000000000018,2.598076211353316,0.11111111111111108,2.7755575615628914e-17,19.331632653061227,0.0,-2.9999999999999987,0.0,1.277777777777778,0.09622504486493764,13.403061224489791,-2.0,0.33333333333333315,1.1547005383792512,0.5,0.28867513459481287,8.683673469387758,26.0,-2.166666666666665,2.598076211353316,0.1666666666666667,-0.48112522432468807,9.48979591836735,20.0,-4.833333333333335,0.8660254037844384,-0.5555555555555554,0.3849001794597505,11.678571428571425,18.0,16.277777777777747,76.81377551020407
58,43700011600,200,0.6770200000000002,0.19220900000000185,c75ad18e1e6ca8a9a13a33182f93254c6304c7ba736127f9ee15863479caa2a1,1.666666666666666,2.220446049250313e-16,15.222222222222184,4.293802490763817e-18,99.29081632653063,200.0,-0.49999999999999956,0.28867513459481264,0.7222222222222223,0.2886751345948129,18.352040816326518,0.0,-5.166666666666666,-3.175426480542942,0.33333333333333326,0.1924500897298752,-3.2040816326530632,-10.0,-5.5,0.8660254037844384,-0.7222222222222223,0.8660254037844387,4.188775510204078,-10.0,-6.333333333333338,1.732050807568877,-0.3888888888888889,0.8660254037844386,1.5867346938775444,-6.0,-4.333333333333332,0.0,-0.8333333333333333,0.6735753140545633,4.137755102040813,2.0,15.055555555555525,91.10204081632651
59,43700011800,200,0.6946349999999999,0.19833299999999943,fd236589e9767fee6bc82e33d8e7a3108f4f22dd851d0ac6bd65447d3c32ec5f,-1.5000000000000013,2.598076211353316,16.555555555555515,-2.5047181196122264e-18,94.37755102040809,200.0,-3.666666666666666,-1.1547005383792512,-0.7222222222222221,0.4811252243246881,23.99489795918365,-8.0,-0.666666666666667,3.4641016151377553,0.5,0.09622504486493764,4.260204081632652,2.0,-0.1666666666666661,-0.2886751345948131,-0.27777777777777757,1.6358257627039392,9.698979591836736,0.0,0.8333333333333331,-3.7527767497325684,0.1111111111111111,0.3849001794597505,7.61734693877551,-4.0,-1.8333333333333341,-2.02072594216369,0.6111111111111112,0.8660254037844387,3.918367346938772,-2.0,15.888888888888859,86.00765306122442
60,43700012000,200,0.6813959999999999,0.19304599999999716,96aaeebedccfd14961e2438199482105e87539aeed02d6fb671df97bef12adf4,-0.33333333333333215,-2.309401076758503,17.22222222222218,6.440703736145725e-18,89.1530612244898,200.0,0.9999999999999999,-1.1547005383792512,0.7777777777777779,-1.1547005383792515,17.72448979591836,28.0,3.4999999999999996,-2.02072594216369,-1.0000000000000002,1.1547005383792515,-1.4489795918367354,0.0,-2.999999999999999,2.309401076758503,-0.16666666666666657,0.2886751345948128,-7.408163265306124,14.0,-3.666666666666666,-4.618802153517008,-0.1666666666666666,-0.6735753140545633,-5.005102040816323,2.0,-6.000000000000002,-3.4641016151377553,-1.4444444444444449,-0.1924500897298752,-5.709183673469386,-4.0,17.111111111111086,88.37499999999997
61,43700012200,200,0.7270790000000003,0.20590900000000145,4bb1fe5cd7b02288a2d11708c94328eae523fa384ea936dc0aa74be8e200faec,-4.166666666666664,-3.175426480542942,15.777777777777738,-2.5047181196122264e-18,88.30612244897961,200.0,0.6666666666666682,1.7320508075688772,1.7222222222222228,0.8660254037844386,21.515306122448973,-16.0,-1.1666666666666665,-6.062177826491073,-0.8333333333333335,0.481125224324688,10.586734693877553,-10.0,-4.666666666666666,-1.1547005383792517,0.38888888888888895,-0.8660254037844387,10.484693877551022,6.0,-1.833333333333333,-2.598076211353316,-0.11111111111111113,0.19245008972987526,9.581632653061229,-6.0,-2.666666666666667,0.5773502691896255,0.3333333333333333,-0.1924500897298752,5.938775510204081,-4.0,14.166666666666638,73.04081632653056
62,43700012400,200,0.70119,0.19977299999999776,1082a86f36877090747194f4e739dd223299c9a5347460fae1656f181a8af0b5,-5.8333333333333375,-3.175426480542942,15.99999999999996,3.5781687423031806e-19,82.98979591836732,200.0,5.666666666666671,-0.5773502691896257,0.22222222222222204,-0.38490017945975036,4.785714285714285,2.0,2.1666666666666656,0.28867513459481287,-0.8888888888888891,-0.3849001794597504,1.7806122448979576,12.0,0.6666666666666667,-1.1547005383792512,-0.16666666666666655,0.6735753140545634,1.3061224489795913,-4.0,0.8333333333333331,0.8660254037844388,0.8333333333333333,0.2886751345948128,5.964285714285714,-12.0,0.33333333333333226,1.1547005383792517,-1.3333333333333337,0.1924500897298752,9.408163265306126,-14.0,16.277777777777747,69.75510204081631
63,43700012600,200,0.7028860000000003,0.2021229999999994,79af184e1efca3b0622c684e337fa3b212034212fa0f7e0cfe850c2897aed2b1,-0.1666666666666667,-0.28867513459481264,15.666666666666627,1.7890843711515903e-18,83.39795918367342,200.0,-3.3333333333333326,0.5773502691896257,1.944444444444445,-1.058475493514314,30.755102040816315,16.0,-5.666666666666668,3.4641016151377553,0.4444444444444444,0.19245008972987532,13.367346938775507,2.0,-3.5000000000000013,-3.175426480542942,1.1111111111111114,-0.5773502691896257,11.714285714285714,18.0,-1.333333333333333,-0.5773502691896257,2.2222222222222223,0.1924500897298752,10.520408163265301,24.0,-3.1666666666666665,3.7527767497325684,2.0000000000000004,0.38490017945975047,12.989795918367346,32.0,14.111111111111079,75.69387755102039
64,43700012800,200,0.7267629999999996,0.20121699999999976,0caa44fcc13fd5b4c458eb0aa422965a59b641e94533363db45e64db83cea960,-5.0,2.309401076758503,15.666666666666627,4.293802490763817e-18,82.65816326530609,200.0,-7.166666666666666,1.443375672974064,0.7777777777777777,-0.5773502691896257,10.229591836734695,0.0,1.0000000000000007,4.0414518843273814,-0.8888888888888891,-0.5773502691896256,-2.612244897959187,0.0,-3.3333333333333335,2.309401076758503,-2.0000000000000004,0.19245008972987526,-0.81122448979592,-24.0,-5.166666666666668,0.28867513459481264,-2.500000000000001,0.09622504486493764,-0.9132653061224499,-16.0,-7.1666666666666625,2.02072594216369,-2.4444444444444446,-0.5773502691896257,-4.423469387755099,-4.0,16.666666666666643,96.32653061224488
65,43700013000,200,0.6851180000000001,0.19397200000000314,962f975b8a8fdc341a3f4081ea2148d2c42f77cd0bbe2871b3c279187d6f9f69,-3.3333333333333335,2.220446049250313e-16,15.222222222222184,5.009436239224453e-18,96.14795918367346,200.0,1.8333333333333341,2.02072594216369,0.055555555555555414,0.6735753140545634,24.780612244897952,-28.0,-1.9999999999999993,1.732050807568877,0.3333333333333331,-0.769800358919501,12.132653061224495,-12.0,-1.999999999999999,-6.350852961085886,0.05555555555555555,-1.250925583244189,11.806122448979595,-18.0,1.0000000000000002,-5.77350269189626,0.3333333333333332,-1.1547005383792515,12.479591836734695,-16.0,0.833333333333334,-7.216878364870325,-0.5000000000000002,-0.6735753140545634,12.39285714285714,-8.0,15.888888888888852,81.16071428571423
66,43700013200,200,0.691656,0.19612699999999927,71604417fb62587090e152a6a9291dcc396e8669bbc918e92383892ae60bb04f,1.3333333333333335,3.4641016151377553,15.111111111111073,5.009436239224453e-18,79.32653061224487,200.0,1.333333333333334,-0.5773502691896255,0.8888888888888891,-0.3849001794597505,9.60714285714286,-20.0,-3.608224830031759e-16,0.5773502691896255,1.1666666666666667,0.8660254037844387,3.9897959183673457,2.0,2.3333333333333326,-1.1547005383792515,0.4444444444444444,1.3471506281091266,2.3010204081632626,2.0,6.333333333333335,-1.7320508075688774,0.055555555555555636,0.6735753140545633,-0.8367346938775526,14.0,3.333333333333332,-3.4641016151377553,0.16666666666666663,1.6358257627039392,2.3571428571428545,-6.0,14.999999999999966,72.58418367346935
67,43700013400,200,0.712237,0.20160399999999923,b1363acfc53d3b2e06b2be2d80c1afe5aae3cf5e08733d8f2cba1ad2f742670c,-5.166666666666666,-2.598076211353316,16.11111111111107,-6.082886861915407e-18,63.62244897959184,200.0,1.4999999999999996,-3.7527767497325684,0.6111111111111112,-0.09622504486493753,12.336734693877544,-30.0,1.5000000000000004,1.443375672974064,0.9444444444444444,0.2886751345948128,4.260204081632651,12.0,-1.8333333333333333,0.28867513459481287,1.0555555555555558,1.058475493514314,2.95408163265306,12.0,3.885780586188048e-16,-0.5773502691896255,1.0,-0.19245008972987526,0.6224489795918358,6.0,-7.216449660063518e-16,4.618802153517008,0.8888888888888888,8.326672684688674e-17,-1.8061224489795917,0.0,15.499999999999972,78.11479591836732
68,43700013600,200,0.7108059999999998,0.19583400000000228,609151224434ae7c7e757e2d9456edbdc2e70436355614447969e5b32844e91c,-1.4999999999999998,-0.8660254037844388,15.111111111111073,-1.0734506226909542e-18,85.64285714285714,200.0,3.3333333333333317,1.7320508075688774,1.4444444444444446,-0.7698003589195009,24.178571428571413,20.0,-1.1666666666666663,4.907477288111821,0.7222222222222223,0.2886751345948128,5.612244897959185,8.0,1.166666666666666,-3.175426480542942,-0.5,-0.4811252243246881,2.607142857142856,8.0,-3.6666666666666674,4.0414518843273814,0.11111111111111113,0.19245008972987532,4.255102040816329,18.0,-1.166666666666666,7.794228634059952,0.16666666666666663,-0.2886751345948129,5.617346938775511,22.0,16.55555555555553,79.85969387755101
69,43700013800,200,0.7239260000000001,0.2036740000000008,62f56dd7b74e5a883232c8f71d1859d948c5d69564da6f50f7792328fae55f80,-1.6653345369377348e-16,-2.309401076758503,15.777777777777738,0.0,92.53061224489792,200.0,-0.33333333333333376,-1.732050807568877,1.166666666666667,2.0207259421636894,36.005102040816325,14.0,-6.500000000000002,4.907477288111821,-0.11111111111111113,0.7698003589195009,14.500000000000009,2.0,-10.166666666666664,-3.7527767497325684,-0.5555555555555556,0.1924500897298752,3.0714285714285703,-18.0,-2.5000000000000004,-4.907477288111821,-0.3333333333333332,-0.3849001794597504,5.816326530612247,-8.0,-1.1666666666666663,-0.28867513459481264,-0.3888888888888889,-0.6735753140545633,8.005102040816325,2.0,16.388888888888857,70.72193877551015
70,43700014000,200,0.719443,0.20120399999999972,160871d8018f70faeb1572d9e1a0c774c980756437b0a02726e9da36da06d52f,-0.4999999999999992,0.8660254037844384,15.888888888888848,-5.367253113454771e-18,79.97959183673467,200.0,-2.8333333333333344,-3.7527767497325684,1.388888888888889,-1.058475493514314,16.78061224489796,20.0,2.0,1.1547005383792512,-0.16666666666666663,0.4811252243246881,7.346938775510206,2.0,-1.4999999999999996,0.8660254037844384,-0.6111111111111112,0.481125224324688,0.7448979591836723,4.0,-3.8333333333333335,0.28867513459481287,0.6111111111111112,0.8660254037844386,4.209183673469386,-6.0,-4.8333333333333295,1.443375672974064,0.4444444444444442,0.9622504486493763,1.8010204081632648,-2.0,15.888888888888854,81.22193877551018
71,43700014200,200,0.6928690000000004,0.19387400000000277,6e0fb5f9a9b416e8e2cfbe7dd9a0cc67df4c31d2268efee346b60feeb47ffdf2,-2.9999999999999996,1.732050807568877,16.777777777777736,4.293802490763817e-18,73.8367346938775,200.0,0.5000000000000004,-0.28867513459481264,0.6111111111111109,-0.8660254037844387,18.561224489795922,12.0,-1.9999999999999998,0.577350269189626,2.166666666666667,0.2886751345948128,13.571428571428566,14.0,2.1666666666666665,-0.28867513459481264,-0.05555555555555558,-0.0962250448649377,7.653061224489793,-2.0,-3.166666666666669,-3.175426480542942,0.38888888888888884,-0.09622504486493764,7.122448979591834,-6.0,-1.9999999999999993,-3.4641016151377553,0.27777777777777757,-1.058475493514314,6.23469387755102,-2.0,16.11111111111108,76.93622448979589
72,43700014400,200,0.7199340000000003,0.20153600000000393,a6d668e308076c3da294434e9d034786982bb8589c01904f270f1b0267e63f4e,4.833333333333332,-2.02072594216369,15.777777777777738,3.2203518680728626e-18,103.37244897959174,200.0,0.16666666666666544,2.02072594216369,0.05555555555555558,-0.09622504486493759,22.617346938775494,18.0,-2.3333333333333335,-0.5773502691896257,-0.22222222222222215,8.362454372111705e-17,6.392857142857138,4.0,-4.166666666666668,0.8660254037844388,0.4444444444444443,2.7755575615628914e-17,-3.6071428571428585,-2.0,-3.3333333333333317,-2.309401076758503,-0.5,-0.2886751345948128,-5.010204081632655,2.0,-0.9999999999999991,-1.1547005383792512,-8.326672684688674e-17,-0.769800358919501,-4.403061224489797,0.0,15.222222222222193,104.68367346938776
73,43700014600,200,0.7436730000000003,0.21067800000000103,919a8b6e29e1b8184eed9a9b2d397e6563279705ed382c9d40eece9ddea17d5d,-1.3333333333333346,-1.7320508075688774,16.222222222222182,-4.293802490763817e-18,84.60714285714285,200.0,-0.6666666666666661,-1.1547005383792512,0.8333333333333335,-0.8660254037844386,25.561224489795915,34.0,-3.4999999999999996,-5.484827557301447,1.2222222222222223,0.1924500897298752,5.826530612244899,2.0,-0.4999999999999999,-4.907477288111821,1.7222222222222225,0.6735753140545633,0.6275510204081637,2.0,-3.4999999999999996,-2.02072594216369,-0.27777777777777746,-0.09622504486493764,-2.974489795918363,14.0,-4.999999999999999,-4.618802153517008,-0.6666666666666665,-0.3849001794597504,1.4336734693877573,18.0,18.0,87.64030612244896
74,43700014800,200,0.7122310000000001,0.20060600000000317,f555984703de869604aadeadaac50217eb0244afeb1703e4cdae2fd4a0ba23d0,-2.333333333333332,-0.577350269189626,16.222222222222182,3.578168742303181e-18,77.44387755102039,200.0,-2.833333333333332,1.443375672974064,1.0555555555555556,-1.8282758524338143,20.954081632653054,12.0,5.166666666666667,2.02072594216369,1.0000000000000002,0.1924500897298752,13.301020408163264,-2.0,1.6666666666666665,-1.732050807568877,0.9444444444444446,1.250925583244189,11.780612244897963,34.0,2.166666666666667,-0.8660254037844386,-0.5,1.250925583244189,8.250000000000002,26.0,-1.666666666666667,-2.309401076758503,-0.44444444444444464,0.3849001794597505,6.46938775510204,26.0,16.27777777777775,77.40561224489794
75,43700015000,200,0.6985439999999996,0.20018999999999654,97e2cf2a0d3e375c38bafdef8a312ba493448d94694abd93d7e83531d38b77c0,1.0,2.886751345948129,15.444444444444406,-7.156337484606361e-18,84.5153061224489,200.0,-6.333333333333335,-3.4641016151377553,-0.33333333333333326,0.9622504486493763,22.989795918367353,2.0,-0.8333333333333338,-2.02072594216369,0.7777777777777779,-0.9622504486493764,-0.35204081632653395,-12.0,-3.1666666666666665,2.02072594216369,1.7222222222222228,-0.4811252243246881,-3.9846938775510203,-10.0,-2.499999999999999,-2.02072594216369,1.0555555555555558,-0.09622504486493759,-1.5663265306122471,-26.0,-1.8333333333333328,0.28867513459481287,2.7755575615628914e-17,0.38490017945975047,-0.9846938775510204,-30.0,14.555555555555527,93.03826530612247
76,43700015200,200,0.6970219999999996,0.1973350000000016,c9a86e3219f8653b9c050f4f155e9e4c094015e1428337fd4fd30eba659e46a9,-5.166666666666665,3.175426480542942,16.555555555555515,-3.5781687423031806e-19,86.92346938775508,200.0,-0.8333333333333333,-0.28867513459481264,-0.8333333333333335,1.250925583244189,18.122448979591827,12.0,-1.6666666666666665,-2.309401076758503,-1.0000000000000002,2.309401076758502,8.316326530612244,14.0,-5.666666666666667,0.5773502691896255,-1.5000000000000002,0.481125224324688,3.530612244897959,-4.0,0.8333333333333325,-2.02072594216369,-1.5000000000000002,-1.058475493514314,3.4234693877551012,-18.0,-0.8333333333333338,-7.216878364870325,-1.0555555555555556,0.09622504486493759,3.137755102040816,-14.0,17.999999999999996,82.6709183673469
77,43700015400,200,0.7332169999999998,0.204442000000002,4bd2513dc42203c945d47838abee832045f1bb74f0ca4150bcf54d5185e65959,0.6666666666666664,-0.577350269189626,15.444444444444406,8.587604981527634e-18,86.68367346938773,200.0,-2.999999999999999,2.886751345948129,1.166666666666667,-1.443375672974064,13.913265306122447,-38.0,1.4999999999999996,-4.907477288111821,0.6666666666666665,-1.1547005383792515,5.045918367346941,-30.0,-4.666666666666664,1.1547005383792512,0.11111111111111119,-1.5396007178390017,5.285714285714286,-20.0,-1.6666666666666672,5.196152422706634,0.05555555555555547,-2.4056261216234396,10.709183673469381,-6.0,0.9999999999999992,4.618802153517008,0.16666666666666669,-2.0207259421636894,6.8469387755102,2.0,14.61111111111108,86.07397959183673
78,43700015600,200,0.7582400000000002,0.2105679999999981,3f36616ea449e089bf6ae0d30dd81eae89c537709e26ae205832cc233e199d33,-2.4999999999999987,-1.443375672974064,15.444444444444406,3.5781687423031806e-19,86.97448979591834,200.0,1.1666666666666654,-2.02072594216369,0.38888888888888884,0.0962250448649377,21.45918367346938,-4.0,0.8333333333333324,1.443375672974064,8.326672684688674e-17,-1.7320508075688767,0.7908163265306114,-2.0,0.16666666666666527,-3.7527767497325684,0.8333333333333335,0.28867513459481275,0.9948979591836731,-10.0,1.0000000000000002,-3.4641016151377553,1.166666666666667,-0.8660254037844387,1.3214285714285723,-16.0,3.8333333333333326,-4.3301270189221945,0.22222222222222235,-0.5773502691896257,5.6326530612244925,8.0,15.499999999999968,80.70153061224488
79,43700015800,200,0.7082070000000003,0.20193600000000123,74c6b9fc47de9ebae7d434269aa307ad35cfc1f09a5ef6d0bcc295fc6e2bc2af,-4.333333333333335,0.5773502691896257,14.66666666666663,3.578168742303181e-18,83.06122448979588,200.0,-2.166666666666666,-1.443375672974064,0.7777777777777777,-0.5773502691896257,12.663265306122446,4.0,2.166666666666667,-3.175426480542942,-0.16666666666666657,-1.058475493514314,-0.4489795918367362,-8.0,-5.499999999999998,0.28867513459481264,0.16666666666666657,-1.058475493514314,3.3061224489795893,-12.0,1.0000000000000002,1.1547005383792512,-0.4999999999999999,-0.0962250448649377,4.647959183673465,4.0,3.166666666666666,2.02072594216369,-1.0000000000000002,-0.5773502691896257,3.260204081632652,-2.0,16.22222222222219,81.27551020408158
80,43700016000,200,0.7378850000000003,0.20992500000000192,e59525b3d25436180681d10cebbb8674dea9787ab4f19632df3642f78ee14e1b,-5.166666666666663,0.8660254037844384,14.777777777777741,-1.7890843711515903e-18,93.46428571428565,200.0,1.833333333333333,2.598076211353316,0.11111111111111069,-0.1924500897298752,19.545918367346943,-2.0,4.0,-2.309401076758503,-1.1111111111111114,-0.1924500897298752,2.2193877551020385,4.0,0.9999999999999994,-1.7320508075688774,-0.8888888888888891,-0.5773502691896257,-3.622448979591837,16.0,-0.16666666666666666,-2.598076211353316,-0.4999999999999998,-0.0962250448649377,2.005102040816325,18.0,-1.1666666666666667,-4.3301270189221945,0.11111111111111108,-0.769800358919501,5.852040816326529,10.0,14.94444444444441,86.5892857142857
81,43700016200,200,0.6792840000000004,0.19016699999999798,1eff21767c42a9f0f7c773aeacc2555c8bdfdb8b58724c0f0ccc8f270c24ff53,-0.16666666666666693,-0.2886751345948131,16.333333333333293,-9.661055604218588e-18,77.81122448979588,200.0,3.0000000000000013,-2.309401076758503,0.9444444444444449,0.8660254037844386,22.474489795918355,18.0,7.333333333333337,-0.5773502691896255,1.0000000000000002,-1.5396007178390017,9.566326530612239,-2.0,5.333333333333333,0.577350269189626,0.5555555555555556,-2.309401076758502,0.04081632653061279,-12.0,2.9999999999999996,-3.4641016151377553,0.6111111111111109,-0.6735753140545633,-2.4693877551020416,-2.0,4.000000000000002,-1.1547005383792512,0.6666666666666665,0.7698003589195009,-3.204081632653063,2.0,16.111111111111075,82.81377551020407
82,43700016400,200,0.7066780000000001,0.19686099999999884,7d9da7c018a97a834a30c5504065c2dc63b89f0455aa402776367890f58e4e93,-3.8333333333333326,3.7527767497325684,14.999999999999963,-3.2203518680728626e-18,83.13775510204081,200.0,1.0000000000000007,1.1547005383792515,-0.22222222222222213,-0.5773502691896256,31.20918367346939,16.0,-0.16666666666666516,0.28867513459481264,-1.166666666666667,0.481125224324688,4.193877551020413,-8.0,-0.33333333333333315,-3.4641016151377553,-0.6666666666666665,0.5773502691896256,2.943877551020408,-28.0,0.3333333333333327,1.1547005383792512,-0.7222222222222221,-0.0962250448649377,-1.3928571428571437,-12.0,2.166666666666665,-0.2886751345948131,-1.7222222222222225,1.250925583244189,-0.8469387755102059,-12.0,16.833333333333314,91.46938775510202
83,43700016600,200,0.7528090000000001,0.2113050000000043,27fd8ce184899600177dde3f9ec1b8d8604678a5cdac929bc89c81ff0c829f25,-1.8333333333333324,-1.4433756729740643,15.777777777777738,-8.229788107297315e-18,80.68877551020401,200.0,-0.1666666666666657,2.598076211353316,-1.166666666666667,-0.2886751345948128,5.994897959183673,20.0,-4.833333333333332,-0.8660254037844386,0.05555555555555558,-0.6735753140545634,0.05612244897959079,8.0,-3.666666666666666,2.309401076758503,0.6666666666666667,-0.9622504486493763,2.346938775510202,6.0,-4.166666666666668,-3.175426480542942,-0.7777777777777777,-1.5396007178390017,2.836734693877551,6.0,-1.000000000000001,-2.309401076758503,-0.6111111111111109,-0.2886751345948129,4.535714285714283,-10.0,16.944444444444418,84.58673469387753
84,43700016800,200,0.725848,0.207117000000002,501448343e5046a83e6e300a85a9de999a512395d887a251c0e1ffdd790d942f,0.49999999999999933,-0.2886751345948131,15.444444444444406,6.082886861915407e-18,84.02040816326529,200.0,3.6666666666666643,1.1547005383792512,0.5555555555555556,0.3849001794597504,13.438775510204081,-14.0,-3.4999999999999996,2.02072594216369,-0.7222222222222223,0.8660254037844386,-2.5765306122448997,-26.0,-2.5,6.639528095680699,-0.11111111111111069,2.6943012562182522,-1.6071428571428574,0.0,-2.8333333333333335,0.8660254037844384,-1.0,1.3471506281091266,-3.576530612244899,8.0,-2.0,-0.5773502691896255,-1.3333333333333335,0.9622504486493763,-0.3418367346938791,16.0,15.611111111111079,83.39540816326529
85,43700017000,200,0.754051,0.21103200000000433,7ae1a46f1ea62730c5eaa7c34e2188eec93f3e44141255506b0e79eab446bdc3,1.27675647831893e-15,-5.196152422706634,16.222222222222182,-1.4312674969212723e-18,91.68877551020401,200.0,-3.333333333333334,-2.886751345948129,1.0000000000000002,-0.1924500897298752,26.530612244897952,8.0,0.8333333333333348,-0.28867513459481287,-1.0000000000000002,-0.769800358919501,-4.744897959183675,12.0,0.16666666666666693,-0.8660254037844384,-1.5000000000000004,0.0962250448649377,-9.173469387755105,16.0,0.6666666666666682,-2.886751345948129,-0.7222222222222223,0.09622504486493759,-3.061224489795919,2.0,1.8333333333333344,0.2886751345948131,0.6111111111111109,0.09622504486493759,-2.8469387755102056,2.0,15.49999999999997,95.76530612244895
86,43700017200,200,0.7525120000000003,0.20946900000000213,6a5d078dba625f2744663d17ba5f9b3207df2590a1b3a9a53ba24264dc74e689,1.4999999999999984,-1.443375672974064,15.666666666666627,5.367253113454771e-18,94.77040816326524,200.0,-5.833333333333333,-2.02072594216369,0.6666666666666667,-1.9245008972987518,19.933673469387752,4.0,-0.33333333333333304,-0.577350269189626,0.7777777777777779,-0.7698003589195009,-4.811224489795918,10.0,0.33333333333333315,4.0414518843273814,-0.5555555555555554,-0.19245008972987515,-2.4540816326530606,-6.0,-3.6666666666666674,2.309401076758503,-0.055555555555555525,0.0962250448649377,-0.744897959183676,-14.0,-3.3333333333333335,2.886751345948129,0.5555555555555556,8.326672684688674e-17,-1.5561224489795906,-8.0,15.49999999999997,90.5612244897959
87,43700017400,200,0.7227420000000002,0.20440100000000738,cadce3692e0d0718345f4e6fe356af9390a30bddb5360cfc4101ab2a03083f6b,4.833333333333334,-1.4433756729740645,15.888888888888848,-1.7890843711515903e-18,80.14795918367341,200.0,1.1666666666666698,-2.02072594216369,0.6111111111111114,-0.6735753140545633,18.510204081632644,26.0,-2.833333333333333,-3.7527767497325684,-0.5555555555555556,-0.769800358919501,10.862244897959183,8.0,-2.8333333333333335,-3.7527767497325684,-1.0000000000000002,-0.7698003589195009,-3.5765306122448988,8.0,0.8333333333333334,0.8660254037844388,-1.3333333333333337,-0.7698003589195009,-2.0561224489795933,2.0,0.333333333333333,0.5773502691896257,-1.3333333333333337,-0.7698003589195009,-2.78061224489796,2.0,17.49999999999998,89.9081632653061
88,43700017600,200,0.7298660000000003,0.2024399999999984,813b8a43467d459198c78ca81f1e0684a46d48a15b22dc78789cfad5e37e4485,-0.49999999999999917,5.484827557301447,16.11111111111107,3.5781687423031806e-19,86.42346938775503,200.0,-0.4999999999999999,3.175426480542942,0.9444444444444442,0.4811252243246881,27.959183673469383,-8.0,-2.666666666666667,4.0414518843273814,2.0000000000000004,-8.326672684688674e-17,0.10714285714285465,4.0,-2.4999999999999996,-2.02072594216369,1.2222222222222225,0.7698003589195009,-3.7602040816326534,-14.0,-2.5000000000000004,0.8660254037844386,1.388888888888889,0.6735753140545633,-3.0357142857142887,-8.0,-5.666666666666667,-0.5773502691896255,0.6111111111111109,0.09622504486493759,-3.469387755102043,4.0,15.499999999999966,90.35459183673467
89,43700017800,200,0.7188859999999999,0.20124999999999282,01005bedfe55310c0d43b3801fc2708decb72aa6830831a775cbd69d5e9eb5d1,-0.6666666666666671,4.0414518843273814,15.666666666666627,4.293802490763817e-18,87.85714285714286,200.0,-5.666666666666665,-1.1547005383792515,0.8888888888888891,0.19245008972987532,22.750000000000004,-2.0,-3.1666666666666665,-0.8660254037844384,-0.055555555555555636,0.2886751345948129,9.443877551020408,-14.0,-4.333333333333333,-3.4641016151377553,-0.05555555555555536,0.8660254037844386,8.78571428571429,-8.0,-1.8333333333333328,2.598076211353316,0.055555555555555636,-0.6735753140545634,0.3214285714285713,-10.0,-2.333333333333332,2.886751345948129,-0.3333333333333336,-1.1547005383792515,-4.9897959183673475,-2.0,14.99999999999997,88.3928571428571
90,43700018000,200,0.6621709999999994,0.18857100000000493,99465946c3d80c2a04884604d4728a88391f946dd5b4879af8b0e89236fa5285,0.4999999999999989,-4.3301270189221945,16.333333333333293,3.5781687423031806e-19,84.3163265306122,200.0,-1.333333333333333,3.4641016151377553,1.2777777777777781,0.2886751345948128,13.510204081632654,6.0,-7.833333333333329,-2.02072594216369,1.277777777777778,-0.6735753140545634,-1.0663265306122474,6.0,-2.499999999999998,-1.4433756729740643,1.2222222222222223,-1.1547005383792515,-1.3163265306122465,-12.0,0.4999999999999999,-0.8660254037844384,0.4444444444444442,-1.7320508075688767,-2.7193877551020433,-22.0,0.6666666666666659,-4.618802153517008,-1.0555555555555556,-1.250925583244189,-3.188775510204082,-12.0,17.055555555555532,82.36989795918367
91,43700018200,200,0.682633,0.19350400000000034,b069ecca02d944ca6994231f7f711d5326e40e58ed9316b136c3a63e33c74383,2.3333333333333335,-1.732050807568877,16.222222222222182,4.293802490763817e-18,83.49489795918366,200.0,1.5000000000000004,2.598076211353316,1.6111111111111114,-0.09622504486493759,22.795918367346932,22.0,-1.1666666666666667,6.062177826491073,0.7777777777777777,0.9622504486493764,11.229591836734695,-8.0,-0.333333333333334,3.4641016151377553,0.6666666666666667,0.7698003589195009,10.750000000000004,-2.0,-1.1666666666666667,-0.8660254037844384,1.166666666666667,-0.4811252243246881,3.4846938775510186,-10.0,2.8333333333333335,-0.8660254037844384,1.2777777777777781,-0.6735753140545634,5.474489795918366,-2.0,14.722222222222191,81.60459183673467
92,43700018400,200,0.7200619999999995,0.20573000000000397,37598b3c6f6ab347641d32d13d1761f109e4f10f2e8f65be6501559ba0e1a760,3.833333333333331,2.02072594216369,15.555555555555516,1.7890843711515903e-18,84.92857142857136,200.0,1.8333333333333341,-4.3301270189221945,0.05555555555555547,-0.2886751345948129,13.89795918367347,6.0,-0.8333333333333327,-0.8660254037844386,-0.16666666666666669,0.481125224324688,-0.19897959183673608,14.0,1.999999999999998,4.618802153517008,-0.7222222222222223,0.6735753140545634,-8.923469387755103,4.0,6.333333333333334,-0.5773502691896255,-1.2222222222222225,-0.3849001794597505,-16.010204081632654,6.0,6.833333333333334,1.443375672974064,0.2777777777777778,-0.8660254037844386,-18.714285714285708,0.0,16.555555555555525,109.1785714285714
93,43700018600,200,0.6955759999999995,0.19504400000000022,70fd193eb1bb20c65cb3bd1e7fccfdd807bcd50279f9f745759970c11b846f76,0.8333333333333328,-2.598076211353316,15.111111111111073,1.7890843711515903e-18,96.19387755102039,200.0,2.6666666666666687,-0.577350269189626,1.9444444444444444,0.6735753140545634,29.688775510204074,2.0,-4.000000000000001,2.309401076758503,-0.16666666666666669,0.8660254037844387,9.301020408163264,-18.0,-3.4999999999999987,-4.907477288111821,0.7777777777777779,-0.9622504486493763,5.642857142857146,-12.0,-7.000000000000002,-2.309401076758503,-0.0555555555555555,-0.6735753140545633,8.168367346938776,-12.0,-5.833333333333331,-1.443375672974064,-0.6111111111111109,-0.4811252243246881,8.903061224489793,6.0,16.55555555555553,83.9030612244897
94,43700018800,200,0.7350020000000002,0.21089700000000233,356f75def653b12d804088c03639232c4638755726fd70198769a581144fb330,1.5000000000000002,-1.443375672974064,16.444444444444404,1.7890843711515903e-18,89.04081632653055,200.0,0.33333333333333326,1.732050807568877,-1.4444444444444449,-0.1924500897298752,18.494897959183675,2.0,5.166666666666666,1.443375672974064,0.11111111111111094,-0.5773502691896256,6.05612244897959,24.0,-0.3333333333333341,1.1547005383792517,0.055555555555555636,-2.0207259421636894,0.668367346938775,14.0,3.3333333333333335,0.5773502691896255,0.22222222222222227,-1.3471506281091266,0.9081632653061193,10.0,-0.5000000000000001,0.8660254037844384,-0.11111111111111116,-2.116950987028627,-1.489795918367349,14.0,16.66666666666664,88.36734693877548
95,43700019000,200,0.727484,0.2034149999999988,645149fbd2cec5d965efdff2eef01057ef496049916ae872b3684fe2a8a9f789,-3.1666666666666687,-0.8660254037844386,15.444444444444406,5.367253113454771e-18,84.63775510204077,200.0,1.0000000000000018,-2.220446049250313e-16,1.4444444444444449,-1.3471506281091266,17.77551020408162,4.0,-4.666666666666666,-2.309401076758503,0.22222222222222224,-0.19245008972987526,7.683673469387755,22.0,-8.666666666666666,2.220446049250313e-16,8.326672684688674e-17,-0.769800358919501,1.459183673469387,2.0,-4.500000000000002,-3.175426480542942,0.5555555555555556,-2.7755575615628914e-17,-2.887755102040815,-6.0,-3.666666666666667,-4.0414518843273814,1.0000000000000002,2.7755575615628914e-17,-0.06122448979591333,-8.0,15.611111111111077,83.63010204081631
96,43700019200,200,0.543552,0.1542899999999916,9c8e8b6879ff66a11c0bb106aa8ae847bb36cbd60c844fffb7f7731d42a56db7,-3.166666666666666,0.28867513459481264,16.444444444444404,-5.367253113454771e-18,91.1224489795918,200.0,1.166666666666668,0.28867513459481287,-0.38888888888888884,0.6735753140545634,16.11224489795918,12.0,-2.833333333333334,-2.02072594216369,-0.7222222222222223,0.8660254037844386,6.071428571428571,-8.0,-3.833333333333332,-0.2886751345948131,0.49999999999999994,2.4056261216234396,-2.081632653061223,-16.0,-4.666666666666667,5.196152422706634,0.16666666666666669,1.443375672974064,-8.903061224489788,0.0,-4.833333333333335,2.02072594216369,0.22222222222222224,1.7320508075688767,-7.433673469387753,2.0,15.166666666666632,83.43877551020405
97,43700019400,200,0.5387969999999997,0.15193300000000498,38e93784c218e06c1d30c94240159a3c5177472fa0e10c1374cb921ba0801911,4.333333333333333,-3.4641016151377553,16.333333333333293,0.0,80.80102040816324,200.0,-4.833333333333331,-6.062177826491073,0.05555555555555558,-0.09622504486493753,4.913265306122447,-12.0,-3.3333333333333317,1.732050807568877,-0.4444444444444445,0.3849001794597504,-2.5612244897959138,20.0,0.33333333333333304,-1.1547005383792512,-0.38888888888888884,0.09622504486493759,3.2602040816326525,22.0,3.166666666666668,-1.443375672974064,-0.33333333333333337,0.5773502691896257,-0.47448979591836615,22.0,-1.833333333333334,-2.02072594216369,-0.8888888888888891,2.7755575615628914e-17,-2.867346938775507,22.0,17.111111111111097,82.375
98,43700019600,200,0.5354389999999993,0.15021500000000287,234c3b1448601b91ffc4e21891ffbe9b9a414cd5ee30572107c55c1919268a52,2.8333333333333326,0.8660254037844384,16.666666666666625,-2.5047181196122264e-18,76.31632653061222,200.0,-3.1666666666666647,0.8660254037844388,0.5,-0.6735753140545633,17.301020408163264,-8.0,2.0,2.309401076758503,0.27777777777777773,-0.8660254037844387,3.8673469387755093,-6.0,0.999999999999998,-4.618802153517008,-1.1111111111111112,-0.9622504486493763,3.066326530612245,4.0,0.1666666666666666,-0.28867513459481287,-1.0000000000000002,8.326672684688674e-17,-0.2346938775510184,0.0,-0.33333333333333454,4.0414518843273814,-1.0555555555555558,0.2886751345948129,-0.14795918367346622,-4.0,17.833333333333318,80.02551020408161
99,43700019800,200,0.5346190000000002,0.15423700000000373,224731660456830ac6c7aded8c502ba66bb7cedb0a4bc75593248eef5a81b3f7,1.500000000000001,-2.02072594216369,17.33333333333329,6.082886861915407e-18,81.70408163265304,200.0,-2.4999999999999982,-3.7527767497325684,1.2777777777777781,0.2886751345948128,13.10714285714286,6.0,-2.000000000000001,1.732050807568877,-0.05555555555555558,-0.0962250448649377,2.913265306122447,12.0,-0.9999999999999981,4.618802153517008,-0.22222222222222235,-0.5773502691896257,7.923469387755106,38.0,0.3333333333333328,-0.5773502691896255,0.4444444444444444,0.3849001794597505,8.464285714285717,28.0,0.8333333333333326,-1.443375672974064,2.055555555555556,0.2886751345948129,4.90816326530612,20.0,15.8333333333333,85.43367346938773
