size,N,batch,first_direct_count,first_samples,first_D,second_direct_count,second_samples,second_D
N85,85,0,191,10000,0.0191,144,10000,0.0144
N85,85,1,146,10000,0.0146,148,10000,0.0148
N85,85,2,158,10000,0.0158,143,10000,0.0143
N85,85,3,160,10000,0.016,149,10000,0.0149
N85,85,4,126,10000,0.0126,125,10000,0.0125
N85,85,5,185,10000,0.0185,146,10000,0.0146
N85,85,6,144,10000,0.0144,169,10000,0.0169
N85,85,7,170,10000,0.017,166,10000,0.0166
N85,85,8,156,10000,0.0156,145,10000,0.0145
N85,85,9,168,10000,0.0168,163,10000,0.0163
N85,85,10,173,10000,0.0173,155,10000,0.0155
N85,85,11,150,10000,0.015,158,10000,0.0158
N85,85,12,141,10000,0.0141,165,10000,0.0165
N85,85,13,138,10000,0.0138,131,10000,0.0131
N85,85,14,160,10000,0.016,160,10000,0.016
N85,85,15,159,10000,0.0159,158,10000,0.0158
N85,85,16,153,10000,0.0153,162,10000,0.0162
N85,85,17,144,10000,0.0144,159,10000,0.0159
N85,85,18,145,10000,0.0145,144,10000,0.0144
N85,85,19,158,10000,0.0158,162,10000,0.0162
N170,170,0,874,100000,0.00874,869,100000,0.00869
N170,170,1,887,100000,0.00887,891,100000,0.00891
N170,170,2,894,100000,0.00894,837,100000,0.00837
N170,170,3,885,100000,0.00885,862,100000,0.00862
N170,170,4,890,100000,0.0089,807,100000,0.00807
N170,170,5,806,100000,0.00806,828,100000,0.00828
N170,170,6,830,100000,0.0083,813,100000,0.00813
N170,170,7,864,100000,0.00864,861,100000,0.00861
N170,170,8,821,100000,0.00821,860,100000,0.0086
N170,170,9,882,100000,0.00882,836,100000,0.00836
N170,170,10,852,100000,0.00852,862,100000,0.00862
N170,170,11,823,100000,0.00823,845,100000,0.00845
N170,170,12,896,100000,0.00896,817,100000,0.00817
N170,170,13,899,100000,0.00899,859,100000,0.00859
N170,170,14,899,100000,0.00899,830,100000,0.0083
N170,170,15,888,100000,0.00888,838,100000,0.00838
N170,170,16,877,100000,0.00877,880,100000,0.0088
N170,170,17,849,100000,0.00849,854,100000,0.00854
N170,170,18,858,100000,0.00858,835,100000,0.00835
N170,170,19,809,100000,0.00809,852,100000,0.00852
N170,170,20,834,100000,0.00834,899,100000,0.00899
N170,170,21,862,100000,0.00862,829,100000,0.00829
N170,170,22,791,100000,0.00791,807,100000,0.00807
N170,170,23,841,100000,0.00841,879,100000,0.00879
N170,170,24,801,100000,0.00801,926,100000,0.00926
N170,170,25,882,100000,0.00882,822,100000,0.00822
N170,170,26,822,100000,0.00822,823,100000,0.00823
N170,170,27,823,100000,0.00823,844,100000,0.00844
N170,170,28,872,100000,0.00872,847,100000,0.00847
N170,170,29,841,100000,0.00841,840,100000,0.0084
N170,170,30,814,100000,0.00814,834,100000,0.00834
N170,170,31,853,100000,0.00853,901,100000,0.00901
N170,170,32,832,100000,0.00832,826,100000,0.00826
N170,170,33,852,100000,0.00852,833,100000,0.00833
N170,170,34,850,100000,0.0085,813,100000,0.00813
N170,170,35,818,100000,0.00818,780,100000,0.0078
N170,170,36,863,100000,0.00863,831,100000,0.00831
N170,170,37,836,100000,0.00836,855,100000,0.00855
N170,170,38,847,100000,0.00847,882,100000,0.00882
N170,170,39,905,100000,0.00905,889,100000,0.00889
N170,170,40,848,100000,0.00848,831,100000,0.00831
N170,170,41,867,100000,0.00867,792,100000,0.00792
N170,170,42,859,100000,0.00859,866,100000,0.00866
N170,170,43,922,100000,0.00922,834,100000,0.00834
N170,170,44,899,100000,0.00899,792,100000,0.00792
N170,170,45,866,100000,0.00866,830,100000,0.0083
N170,170,46,866,100000,0.00866,841,100000,0.00841
N170,170,47,831,100000,0.00831,880,100000,0.0088
N170,170,48,815,100000,0.00815,871,100000,0.00871
N170,170,49,823,100000,0.00823,923,100000,0.00923
N170,170,50,806,100000,0.00806,862,100000,0.00862
N170,170,51,838,100000,0.00838,855,100000,0.00855
N170,170,52,810,100000,0.0081,870,100000,0.0087
N170,170,53,806,100000,0.00806,846,100000,0.00846
N170,170,54,793,100000,0.00793,817,100000,0.00817
N170,170,55,853,100000,0.00853,825,100000,0.00825
N170,170,56,884,100000,0.00884,856,100000,0.00856
N170,170,57,905,100000,0.00905,802,100000,0.00802
N170,170,58,817,100000,0.00817,845,100000,0.00845
N170,170,59,843,100000,0.00843,879,100000,0.00879
N170,170,60,831,100000,0.00831,863,100000,0.00863
N170,170,61,860,100000,0.0086,853,100000,0.00853
N170,170,62,830,100000,0.0083,804,100000,0.00804
N170,170,63,880,100000,0.0088,861,100000,0.00861
N170,170,64,838,100000,0.00838,861,100000,0.00861
N170,170,65,856,100000,0.00856,825,100000,0.00825
N170,170,66,840,100000,0.0084,830,100000,0.0083
N170,170,67,856,100000,0.00856,896,100000,0.00896
N170,170,68,885,100000,0.00885,849,100000,0.00849
N170,170,69,862,100000,0.00862,863,100000,0.00863
N170,170,70,815,100000,0.00815,880,100000,0.0088
N170,170,71,890,100000,0.0089,821,100000,0.00821
N170,170,72,861,100000,0.00861,888,100000,0.00888
N170,170,73,839,100000,0.00839,898,100000,0.00898
N170,170,74,825,100000,0.00825,787,100000,0.00787
N170,170,75,878,100000,0.00878,853,100000,0.00853
N170,170,76,844,100000,0.00844,848,100000,0.00848
N170,170,77,802,100000,0.00802,859,100000,0.00859
N170,170,78,817,100000,0.00817,797,100000,0.00797
N170,170,79,822,100000,0.00822,848,100000,0.00848
N340,340,0,722,150000,0.0048133333333333335,737,150000,0.004913333333333333
N340,340,1,700,150000,0.004666666666666667,760,150000,0.005066666666666666
N340,340,2,684,150000,0.00456,742,150000,0.004946666666666667
N340,340,3,663,150000,0.00442,746,150000,0.004973333333333333
N340,340,4,725,150000,0.004833333333333334,686,150000,0.004573333333333334
N340,340,5,709,150000,0.004726666666666666,698,150000,0.004653333333333333
N340,340,6,680,150000,0.004533333333333334,699,150000,0.00466
N340,340,7,756,150000,0.00504,722,150000,0.0048133333333333335
N340,340,8,674,150000,0.0044933333333333336,712,150000,0.004746666666666666
N340,340,9,713,150000,0.004753333333333333,677,150000,0.004513333333333334
N340,340,10,713,150000,0.004753333333333333,736,150000,0.004906666666666667
N340,340,11,705,150000,0.0047,703,150000,0.004686666666666666
N340,340,12,752,150000,0.005013333333333333,711,150000,0.00474
N340,340,13,683,150000,0.004553333333333334,690,150000,0.0046
N340,340,14,726,150000,0.00484,704,150000,0.004693333333333333
N340,340,15,718,150000,0.0047866666666666665,635,150000,0.004233333333333334
N340,340,16,743,150000,0.004953333333333333,744,150000,0.00496
N340,340,17,721,150000,0.0048066666666666666,733,150000,0.004886666666666667
N340,340,18,712,150000,0.004746666666666666,768,150000,0.00512
N340,340,19,703,150000,0.004686666666666666,716,150000,0.004773333333333333
N340,340,20,675,150000,0.0045,742,150000,0.004946666666666667
N340,340,21,710,150000,0.004733333333333333,699,150000,0.00466
N340,340,22,743,150000,0.004953333333333333,674,150000,0.0044933333333333336
N340,340,23,719,150000,0.0047933333333333335,698,150000,0.004653333333333333
N340,340,24,696,150000,0.00464,697,150000,0.004646666666666667
N340,340,25,726,150000,0.00484,664,150000,0.004426666666666666
N340,340,26,691,150000,0.004606666666666667,694,150000,0.004626666666666667
N340,340,27,717,150000,0.00478,695,150000,0.004633333333333333
N340,340,28,677,150000,0.004513333333333334,705,150000,0.0047
N340,340,29,718,150000,0.0047866666666666665,646,150000,0.004306666666666667
N340,340,30,721,150000,0.0048066666666666666,678,150000,0.00452
N340,340,31,731,150000,0.004873333333333334,710,150000,0.004733333333333333
N340,340,32,727,150000,0.004846666666666667,660,150000,0.0044
N340,340,33,739,150000,0.004926666666666667,660,150000,0.0044
N340,340,34,695,150000,0.004633333333333333,686,150000,0.004573333333333334
N340,340,35,740,150000,0.004933333333333333,660,150000,0.0044
N340,340,36,724,150000,0.004826666666666667,665,150000,0.004433333333333333
N340,340,37,719,150000,0.0047933333333333335,694,150000,0.004626666666666667
N340,340,38,746,150000,0.004973333333333333,677,150000,0.004513333333333334
N340,340,39,726,150000,0.00484,688,150000,0.004586666666666667
N340,340,40,672,150000,0.00448,682,150000,0.004546666666666667
N340,340,41,716,150000,0.004773333333333333,689,150000,0.004593333333333333
N340,340,42,659,150000,0.004393333333333333,719,150000,0.0047933333333333335
N340,340,43,645,150000,0.0043,665,150000,0.004433333333333333
N340,340,44,730,150000,0.004866666666666667,751,150000,0.005006666666666667
N340,340,45,682,150000,0.004546666666666667,716,150000,0.004773333333333333
N340,340,46,731,150000,0.004873333333333334,680,150000,0.004533333333333334
N340,340,47,686,150000,0.004573333333333334,714,150000,0.00476
N340,340,48,672,150000,0.00448,752,150000,0.005013333333333333
N340,340,49,680,150000,0.004533333333333334,713,150000,0.004753333333333333
N340,340,50,739,150000,0.004926666666666667,683,150000,0.004553333333333334
N340,340,51,699,150000,0.00466,748,150000,0.004986666666666667
N340,340,52,679,150000,0.004526666666666667,707,150000,0.004713333333333333
N340,340,53,678,150000,0.00452,730,150000,0.004866666666666667
N340,340,54,676,150000,0.004506666666666667,662,150000,0.004413333333333333
N340,340,55,711,150000,0.00474,712,150000,0.004746666666666666
N340,340,56,690,150000,0.0046,700,150000,0.004666666666666667
N340,340,57,729,150000,0.00486,686,150000,0.004573333333333334
N340,340,58,727,150000,0.004846666666666667,735,150000,0.0049
N340,340,59,682,150000,0.004546666666666667,691,150000,0.004606666666666667
N340,340,60,716,150000,0.004773333333333333,733,150000,0.004886666666666667
N340,340,61,661,150000,0.004406666666666666,741,150000,0.00494
N340,340,62,763,150000,0.005086666666666666,746,150000,0.004973333333333333
N340,340,63,660,150000,0.0044,727,150000,0.004846666666666667
N340,340,64,721,150000,0.0048066666666666666,692,150000,0.004613333333333333
N340,340,65,736,150000,0.004906666666666667,715,150000,0.0047666666666666664
N340,340,66,735,150000,0.0049,729,150000,0.00486
N340,340,67,700,150000,0.004666666666666667,699,150000,0.00466
N340,340,68,695,150000,0.004633333333333333,726,150000,0.00484
N340,340,69,708,150000,0.00472,735,150000,0.0049
N340,340,70,685,150000,0.004566666666666667,697,150000,0.004646666666666667
N340,340,71,719,150000,0.0047933333333333335,685,150000,0.004566666666666667
N340,340,72,651,150000,0.00434,733,150000,0.004886666666666667
N340,340,73,692,150000,0.004613333333333333,698,150000,0.004653333333333333
N340,340,74,748,150000,0.004986666666666667,673,150000,0.004486666666666667
N340,340,75,718,150000,0.0047866666666666665,731,150000,0.004873333333333334
N340,340,76,733,150000,0.004886666666666667,742,150000,0.004946666666666667
N340,340,77,698,150000,0.004653333333333333,688,150000,0.004586666666666667
N340,340,78,762,150000,0.00508,718,150000,0.0047866666666666665
N340,340,79,698,150000,0.004653333333333333,729,150000,0.00486
N680,680,0,3830,1500000,0.0025533333333333332,4005,1500000,0.00267
N680,680,1,3980,1500000,0.0026533333333333335,3986,1500000,0.002657333333333333
N680,680,2,4061,1500000,0.0027073333333333333,4027,1500000,0.002684666666666667
N680,680,3,3902,1500000,0.0026013333333333335,3982,1500000,0.0026546666666666667
N680,680,4,3895,1500000,0.002596666666666667,3942,1500000,0.002628
N680,680,5,4014,1500000,0.002676,3999,1500000,0.002666
N680,680,6,4017,1500000,0.002678,3930,1500000,0.00262
N680,680,7,3837,1500000,0.002558,3928,1500000,0.0026186666666666667
N680,680,8,3948,1500000,0.002632,3968,1500000,0.0026453333333333333
N680,680,9,3994,1500000,0.0026626666666666665,3985,1500000,0.0026566666666666666
N680,680,10,3921,1500000,0.002614,3923,1500000,0.0026153333333333332
N680,680,11,4020,1500000,0.00268,3936,1500000,0.002624
N680,680,12,3904,1500000,0.0026026666666666668,4015,1500000,0.0026766666666666666
N680,680,13,3967,1500000,0.0026446666666666667,4082,1500000,0.0027213333333333334
N680,680,14,3890,1500000,0.0025933333333333333,3981,1500000,0.002654
N680,680,15,4014,1500000,0.002676,3913,1500000,0.0026086666666666667
N680,680,16,4000,1500000,0.0026666666666666666,3940,1500000,0.0026266666666666665
N680,680,17,3947,1500000,0.002631333333333333,4041,1500000,0.002694
N680,680,18,3942,1500000,0.002628,4023,1500000,0.002682
N680,680,19,3895,1500000,0.002596666666666667,3942,1500000,0.002628
N680,680,20,3852,1500000,0.002568,3900,1500000,0.0026
N680,680,21,4103,1500000,0.0027353333333333335,3995,1500000,0.0026633333333333335
N680,680,22,3991,1500000,0.0026606666666666666,3966,1500000,0.002644
N680,680,23,4117,1500000,0.0027446666666666665,4031,1500000,0.0026873333333333332
N680,680,24,4045,1500000,0.0026966666666666667,4032,1500000,0.002688
N680,680,25,3982,1500000,0.0026546666666666667,3887,1500000,0.0025913333333333335
N680,680,26,3819,1500000,0.002546,4035,1500000,0.00269
N680,680,27,4172,1500000,0.002781333333333333,3975,1500000,0.00265
N680,680,28,3954,1500000,0.002636,3968,1500000,0.0026453333333333333
N680,680,29,4034,1500000,0.0026893333333333335,3921,1500000,0.002614
N680,680,30,3879,1500000,0.002586,3929,1500000,0.0026193333333333333
N680,680,31,3915,1500000,0.00261,4009,1500000,0.0026726666666666665
N680,680,32,4076,1500000,0.0027173333333333333,3968,1500000,0.0026453333333333333
N680,680,33,3837,1500000,0.002558,3949,1500000,0.002632666666666667
N680,680,34,3880,1500000,0.002586666666666667,3964,1500000,0.002642666666666667
N680,680,35,3957,1500000,0.002638,4006,1500000,0.0026706666666666667
N680,680,36,3830,1500000,0.0025533333333333332,4007,1500000,0.0026713333333333333
N680,680,37,4020,1500000,0.00268,3891,1500000,0.002594
N680,680,38,3920,1500000,0.0026133333333333334,3951,1500000,0.002634
N680,680,39,3998,1500000,0.0026653333333333334,3951,1500000,0.002634
N680,680,40,4117,1500000,0.0027446666666666665,3996,1500000,0.002664
N680,680,41,3963,1500000,0.002642,3859,1500000,0.0025726666666666667
N680,680,42,3905,1500000,0.0026033333333333334,3919,1500000,0.0026126666666666668
N680,680,43,3989,1500000,0.0026593333333333334,3844,1500000,0.0025626666666666667
N680,680,44,3920,1500000,0.0026133333333333334,3916,1500000,0.0026106666666666665
N680,680,45,4051,1500000,0.0027006666666666668,3895,1500000,0.002596666666666667
N680,680,46,3976,1500000,0.0026506666666666666,3865,1500000,0.0025766666666666668
N680,680,47,4040,1500000,0.002693333333333333,3934,1500000,0.002622666666666667
N680,680,48,3882,1500000,0.002588,3914,1500000,0.0026093333333333333
N680,680,49,4020,1500000,0.00268,4018,1500000,0.002678666666666667
N680,680,50,3979,1500000,0.0026526666666666665,3994,1500000,0.0026626666666666665
N680,680,51,3992,1500000,0.0026613333333333333,4068,1500000,0.002712
N680,680,52,3824,1500000,0.002549333333333333,3952,1500000,0.0026346666666666667
N680,680,53,3942,1500000,0.002628,4026,1500000,0.002684
N680,680,54,3957,1500000,0.002638,3927,1500000,0.002618
N680,680,55,3945,1500000,0.00263,4080,1500000,0.00272
N680,680,56,4057,1500000,0.002704666666666667,3983,1500000,0.0026553333333333333
N680,680,57,3966,1500000,0.002644,3914,1500000,0.0026093333333333333
N680,680,58,3942,1500000,0.002628,3833,1500000,0.0025553333333333335
N680,680,59,3937,1500000,0.0026246666666666666,3952,1500000,0.0026346666666666667
N680,680,60,3977,1500000,0.0026513333333333332,3846,1500000,0.002564
N680,680,61,4136,1500000,0.0027573333333333334,3854,1500000,0.002569333333333333
N680,680,62,3974,1500000,0.0026493333333333334,4065,1500000,0.00271
N680,680,63,3863,1500000,0.002575333333333333,3955,1500000,0.0026366666666666665
N680,680,64,4039,1500000,0.0026926666666666666,3914,1500000,0.0026093333333333333
N680,680,65,3999,1500000,0.002666,4055,1500000,0.002703333333333333
N680,680,66,3989,1500000,0.0026593333333333334,4060,1500000,0.0027066666666666667
N680,680,67,3925,1500000,0.002616666666666667,4011,1500000,0.002674
N680,680,68,3997,1500000,0.0026646666666666667,3973,1500000,0.002648666666666667
N680,680,69,3948,1500000,0.002632,3961,1500000,0.0026406666666666666
N680,680,70,4054,1500000,0.0027026666666666666,3983,1500000,0.0026553333333333333
N680,680,71,4004,1500000,0.0026693333333333335,4000,1500000,0.0026666666666666666
N680,680,72,3993,1500000,0.002662,3955,1500000,0.0026366666666666665
N680,680,73,3967,1500000,0.0026446666666666667,3954,1500000,0.002636
N680,680,74,4021,1500000,0.0026806666666666667,4017,1500000,0.002678
N680,680,75,3958,1500000,0.0026386666666666668,4022,1500000,0.0026813333333333333
N680,680,76,3904,1500000,0.0026026666666666668,3993,1500000,0.002662
N680,680,77,3955,1500000,0.0026366666666666665,4006,1500000,0.0026706666666666667
N680,680,78,3905,1500000,0.0026033333333333334,3978,1500000,0.002652
N680,680,79,4028,1500000,0.0026853333333333334,3895,1500000,0.002596666666666667
